34,4,5,F,cairo
34,5,5,F,cairo
34,11,5,F,cairo
34,12,5,F,cairo
34,14,5,F,cairo
34,16,5,F,cairo
34,17,5,F,cairo
34,18,5,F,cairo
34,20,5,F,cairo
34,21,5,F,cairo
34,22,5,F,cairo
34,24,5,F,cairo
34,26,5,F,cairo
34,27,5,F,cairo
34,28,5,F,cairo
34,31,5,F,cairo
34,34,5,F,giza
34,35,5,F,cairo
34,36,5,F,cairo
34,38,5,F,giza
34,40,5,F,giza
34,41,5,F,cairo
34,42,5,F,giza
34,44,5,F,cairo
34,45,5,F,cairo
34,47,5,F,cairo
34,48,5,F,cairo
34,49,5,F,cairo
34,50,5,F,cairo
34,51,5,F,cairo
34,52,5,F,cairo
34,53,5,F,cairo
34,54,5,F,cairo
34,55,5,F,cairo
34,56,5,F,giza
34,57,5,F,luxor
34,58,5,F,cairo
34,60,5,F,cairo
34,61,5,F,cairo
34,62,5,F,giza
34,63,5,F,cairo
34,64,5,F,cairo
34,65,5,F,cairo
34,66,5,F,cairo
34,68,5,F,cairo
34,69,5,F,cairo
34,70,5,F,cairo
34,71,5,F,cairo
34,72,5,F,cairo
34,73,5,F,cairo
34,74,5,F,cairo
34,75,5,F,Alexandria
34,76,5,F,Alexandria
34,77,5,F,cairo
34,78,5,F,cairo
34,81,5,F,cairo
34,82,5,F,cairo
34,83,5,F,cairo
34,84,5,F,cairo
34,85,5,F,cairo
34,86,5,F,cairo
34,87,5,F,cairo
34,88,5,F,cairo
34,89,5,F,cairo
34,90,5,F,cairo
34,91,5,F,cairo
34,92,5,F,cairo
34,93,5,F,cairo
34,94,5,F,cairo
34,95,5,F,cairo
34,96,5,F,cairo
34,97,5,F,cairo
34,98,5,F,cairo
34,99,5,F,cairo
34,100,5,F,cairo
34,102,5,F,cairo
34,103,5,F,cairo
34,104,5,F,cairo
34,105,5,F,cairo
34,106,5,F,cairo
34,107,5,F,cairo
34,108,5,F,cairo
34,109,5,F,cairo
34,110,5,F,cairo
34,111,5,F,cairo
34,112,5,F,cairo
34,113,5,F,cairo
34,114,5,F,cairo
34,115,5,F,cairo
34,116,5,F,cairo
34,117,5,F,cairo
34,119,5,F,cairo
34,120,5,F,cairo
34,121,5,F,cairo
34,122,5,F,cairo
34,123,5,F,cairo
34,124,5,F,cairo
34,125,5,F,cairo
34,126,5,F,cairo
34,127,5,F,cairo
34,129,5,F,giza
34,130,5,F,cairo
34,134,5,F,cairo
34,142,5,F,cairo
34,153,5,F,cairo
34,168,5,F,cairo
34,180,5,F,cairo
34,182,5,F,cairo
34,184,5,F,cairo
34,186,5,F,cairo
34,193,5,F,cairo
34,204,5,F,cairo
34,206,5,F,cairo
34,208,5,F,cairo
34,209,5,F,cairo
34,211,5,F,giza
34,213,5,F,cairo
34,217,5,F,giza
34,219,5,F,cairo
34,221,5,F,giza
34,223,5,F,cairo
34,226,5,F,cairo
34,227,5,F,cairo
34,228,5,F,cairo
34,229,5,F,cairo
34,230,5,F,cairo
34,231,5,F,giza
34,232,5,F,giza
34,233,5,F,cairo
34,235,5,F,cairo
34,237,5,F,cairo
34,246,5,F,giza
34,248,5,F,cairo
34,249,5,F,cairo
34,250,5,F,cairo
34,251,5,F,cairo
34,252,5,F,cairo
34,253,5,F,giza
34,254,5,F,sharm el sheikh
34,257,5,F,sharm el sheikh
34,258,5,F,sharm el sheikh
34,271,5,F,sharm el sheikh
34,274,5,F,sharm el sheikh
34,281,5,F,sharm el sheikh
34,285,5,F,sharm el sheikh
34,287,5,F,sharm el sheikh
34,288,5,F,luxor
34,290,5,F,luxor
34,291,5,F,luxor
34,292,5,F,luxor
34,293,5,F,luxor
34,294,5,F,luxor
34,295,5,F,luxor
34,296,5,F,luxor
34,297,5,F,luxor
34,299,5,F,luxor
34,300,5,F,luxor
34,302,5,F,luxor
34,304,5,F,luxor
34,305,5,F,luxor
34,307,5,F,luxor
34,308,5,F,luxor
34,309,5,F,luxor
34,310,5,F,luxor
34,311,5,F,luxor
34,312,5,F,luxor
34,314,5,F,luxor
34,315,5,F,luxor
34,316,5,F,luxor
34,320,5,F,luxor
34,328,5,F,fayoum
34,330,5,F,fayoum
34,338,5,F,alexandria
34,339,5,F,alexandria
34,342,5,F,alexandria
34,343,5,F,alexandria
34,344,5,F,alexandria
34,346,5,F,alexandria
34,350,5,F,alexandria
34,352,5,F,alexandria
34,354,5,F,alexandria
34,356,5,F,alexandria
34,359,5,F,alexandria
34,361,5,F,alexandria
34,366,5,F,alexandria
34,369,5,F,alexandria
34,370,5,F,alexandria
34,371,5,F,alexandria
34,372,5,F,alexandria
34,375,5,F,alexandria
34,376,5,F,alexandria
34,377,5,F,alexandria
34,379,5,F,alexandria
34,380,5,F,alexandria
34,381,5,F,alexandria
34,382,5,F,alexandria
34,383,5,F,alexandria
34,384,5,F,alexandria
34,385,5,F,alexandria
34,386,5,F,alexandria
34,387,5,F,alexandria
34,388,5,F,alexandria
34,389,5,F,alexandria
34,390,5,F,alexandria
34,391,5,F,alexandria
34,392,5,F,alexandria
34,394,5,F,alexandria
34,395,5,F,alexandria
34,397,5,F,alexandria
34,398,5,F,alexandria
34,407,5,F,hurghada
34,408,5,F,hurghada
34,409,5,F,hurghada
34,414,5,F,hurghada
34,418,5,F,hurghada
34,428,5,F,hurghada
4,4,5,F,cairo
4,5,5,F,cairo
4,11,5,F,cairo
4,12,5,F,cairo
4,14,5,F,cairo
4,16,5,F,cairo
4,17,5,F,cairo
4,18,5,F,cairo
4,20,5,F,cairo
4,21,5,F,cairo
4,22,5,F,cairo
4,24,5,F,cairo
4,26,5,F,cairo
4,27,5,F,cairo
4,28,5,F,cairo
4,31,5,F,cairo
4,34,5,F,giza
4,35,5,F,cairo
4,36,5,F,cairo
4,38,5,F,giza
4,40,5,F,giza
4,41,5,F,cairo
4,42,5,F,giza
4,44,5,F,cairo
4,45,5,F,cairo
4,47,5,F,cairo
4,48,5,F,cairo
4,49,5,F,cairo
4,50,5,F,cairo
4,51,5,F,cairo
4,52,5,F,cairo
4,53,5,F,cairo
4,54,5,F,cairo
4,55,5,F,cairo
4,56,5,F,giza
4,57,5,F,luxor
4,58,5,F,cairo
4,60,5,F,cairo
4,61,5,F,cairo
4,62,5,F,giza
4,63,5,F,cairo
4,64,5,F,cairo
4,65,5,F,cairo
4,66,5,F,cairo
4,68,5,F,cairo
4,69,5,F,cairo
4,70,5,F,cairo
4,71,5,F,cairo
4,72,5,F,cairo
4,73,5,F,cairo
4,74,5,F,cairo
4,75,5,F,Alexandria
4,76,5,F,Alexandria
4,77,5,F,cairo
4,78,5,F,cairo
4,81,5,F,cairo
4,82,5,F,cairo
4,83,5,F,cairo
4,84,5,F,cairo
4,85,5,F,cairo
4,86,5,F,cairo
4,87,5,F,cairo
4,88,5,F,cairo
4,89,5,F,cairo
4,90,5,F,cairo
4,91,5,F,cairo
4,92,5,F,cairo
4,93,5,F,cairo
4,94,5,F,cairo
4,95,5,F,cairo
4,96,5,F,cairo
4,97,5,F,cairo
4,98,5,F,cairo
4,99,5,F,cairo
4,100,5,F,cairo
4,102,5,F,cairo
4,103,5,F,cairo
4,104,5,F,cairo
4,105,5,F,cairo
4,106,5,F,cairo
4,107,5,F,cairo
4,108,5,F,cairo
4,109,5,F,cairo
4,110,5,F,cairo
4,111,5,F,cairo
4,112,5,F,cairo
4,113,5,F,cairo
4,114,5,F,cairo
4,115,5,F,cairo
4,116,5,F,cairo
4,117,5,F,cairo
4,119,5,F,cairo
4,120,5,F,cairo
4,121,5,F,cairo
4,122,5,F,cairo
4,123,5,F,cairo
4,124,5,F,cairo
4,125,5,F,cairo
4,126,5,F,cairo
4,127,5,F,cairo
4,129,5,F,giza
4,130,5,F,cairo
4,134,5,F,cairo
4,142,5,F,cairo
4,153,5,F,cairo
4,168,5,F,cairo
4,180,5,F,cairo
4,182,5,F,cairo
4,184,5,F,cairo
4,186,5,F,cairo
4,193,5,F,cairo
4,204,5,F,cairo
4,206,5,F,cairo
4,208,5,F,cairo
4,209,5,F,cairo
4,211,5,F,giza
4,213,5,F,cairo
4,217,5,F,giza
4,219,5,F,cairo
4,221,5,F,giza
4,223,5,F,cairo
4,226,5,F,cairo
4,227,5,F,cairo
4,228,5,F,cairo
4,229,5,F,cairo
4,230,5,F,cairo
4,231,5,F,giza
4,232,5,F,giza
4,233,5,F,cairo
4,235,5,F,cairo
4,237,5,F,cairo
4,246,5,F,giza
4,248,5,F,cairo
4,249,5,F,cairo
4,250,5,F,cairo
4,251,5,F,cairo
4,252,5,F,cairo
4,253,5,F,giza
4,254,5,F,sharm el sheikh
4,257,5,F,sharm el sheikh
4,258,5,F,sharm el sheikh
4,271,5,F,sharm el sheikh
4,274,5,F,sharm el sheikh
4,281,5,F,sharm el sheikh
4,285,5,F,sharm el sheikh
4,287,5,F,sharm el sheikh
4,288,5,F,luxor
4,290,5,F,luxor
4,291,5,F,luxor
4,292,5,F,luxor
4,293,5,F,luxor
4,294,5,F,luxor
4,295,5,F,luxor
4,296,5,F,luxor
4,297,5,F,luxor
4,299,5,F,luxor
4,300,5,F,luxor
4,302,5,F,luxor
4,304,5,F,luxor
4,305,5,F,luxor
4,307,5,F,luxor
4,308,5,F,luxor
4,309,5,F,luxor
4,310,5,F,luxor
4,311,5,F,luxor
4,312,5,F,luxor
4,314,5,F,luxor
4,315,5,F,luxor
4,316,5,F,luxor
4,320,5,F,luxor
4,328,5,F,fayoum
4,330,5,F,fayoum
4,338,5,F,alexandria
4,339,5,F,alexandria
4,342,5,F,alexandria
4,343,5,F,alexandria
4,344,5,F,alexandria
4,346,5,F,alexandria
4,350,5,F,alexandria
4,352,5,F,alexandria
4,354,5,F,alexandria
4,356,5,F,alexandria
4,359,5,F,alexandria
4,361,5,F,alexandria
4,366,5,F,alexandria
4,369,5,F,alexandria
4,370,5,F,alexandria
4,371,5,F,alexandria
4,372,5,F,alexandria
4,375,5,F,alexandria
4,376,5,F,alexandria
4,377,5,F,alexandria
4,379,5,F,alexandria
4,380,5,F,alexandria
4,381,5,F,alexandria
4,382,5,F,alexandria
4,383,5,F,alexandria
4,384,5,F,alexandria
4,385,5,F,alexandria
4,386,5,F,alexandria
4,387,5,F,alexandria
4,388,5,F,alexandria
4,389,5,F,alexandria
4,390,5,F,alexandria
4,391,5,F,alexandria
4,392,5,F,alexandria
4,394,5,F,alexandria
4,395,5,F,alexandria
4,397,5,F,alexandria
4,398,5,F,alexandria
4,407,5,F,hurghada
4,408,5,F,hurghada
4,409,5,F,hurghada
4,414,5,F,hurghada
4,418,5,F,hurghada
4,428,5,F,hurghada
4,4,5,F,cairo
4,5,5,F,cairo
4,11,5,F,cairo
4,12,5,F,cairo
4,14,5,F,cairo
4,16,5,F,cairo
4,17,5,F,cairo
4,18,5,F,cairo
4,20,5,F,cairo
4,21,5,F,cairo
4,22,5,F,cairo
4,24,5,F,cairo
4,26,5,F,cairo
4,27,5,F,cairo
4,28,5,F,cairo
4,31,5,F,cairo
4,34,5,F,giza
4,35,5,F,cairo
4,36,5,F,cairo
4,38,5,F,giza
4,40,5,F,giza
4,41,5,F,cairo
4,42,5,F,giza
4,44,5,F,cairo
4,45,5,F,cairo
4,47,5,F,cairo
4,48,5,F,cairo
4,49,5,F,cairo
4,50,5,F,cairo
4,51,5,F,cairo
4,52,5,F,cairo
4,53,5,F,cairo
4,54,5,F,cairo
4,55,5,F,cairo
4,56,5,F,giza
4,57,5,F,luxor
4,58,5,F,cairo
4,60,5,F,cairo
4,61,5,F,cairo
4,62,5,F,giza
4,63,5,F,cairo
4,64,5,F,cairo
4,65,5,F,cairo
4,66,5,F,cairo
4,68,5,F,cairo
4,69,5,F,cairo
4,70,5,F,cairo
4,71,5,F,cairo
4,72,5,F,cairo
4,73,5,F,cairo
4,74,5,F,cairo
4,75,5,F,Alexandria
4,76,5,F,Alexandria
4,77,5,F,cairo
4,78,5,F,cairo
4,81,5,F,cairo
4,82,5,F,cairo
4,83,5,F,cairo
4,84,5,F,cairo
4,85,5,F,cairo
4,86,5,F,cairo
4,87,5,F,cairo
4,88,5,F,cairo
4,89,5,F,cairo
4,90,5,F,cairo
4,91,5,F,cairo
4,92,5,F,cairo
4,93,5,F,cairo
4,94,5,F,cairo
4,95,5,F,cairo
4,96,5,F,cairo
4,97,5,F,cairo
4,98,5,F,cairo
4,99,5,F,cairo
4,100,5,F,cairo
4,102,5,F,cairo
4,103,5,F,cairo
4,104,5,F,cairo
4,105,5,F,cairo
4,106,5,F,cairo
4,107,5,F,cairo
4,108,5,F,cairo
4,109,5,F,cairo
4,110,5,F,cairo
4,111,5,F,cairo
4,112,5,F,cairo
4,113,5,F,cairo
4,114,5,F,cairo
4,115,5,F,cairo
4,116,5,F,cairo
4,117,5,F,cairo
4,119,5,F,cairo
4,120,5,F,cairo
4,121,5,F,cairo
4,122,5,F,cairo
4,123,5,F,cairo
4,124,5,F,cairo
4,125,5,F,cairo
4,126,5,F,cairo
4,127,5,F,cairo
4,129,5,F,giza
4,130,5,F,cairo
4,134,5,F,cairo
4,142,5,F,cairo
4,153,5,F,cairo
4,168,5,F,cairo
4,180,5,F,cairo
4,182,5,F,cairo
4,184,5,F,cairo
4,186,5,F,cairo
4,193,5,F,cairo
4,204,5,F,cairo
4,206,5,F,cairo
4,208,5,F,cairo
4,209,5,F,cairo
4,211,5,F,giza
4,213,5,F,cairo
4,217,5,F,giza
4,219,5,F,cairo
4,221,5,F,giza
4,223,5,F,cairo
4,226,5,F,cairo
4,227,5,F,cairo
4,228,5,F,cairo
4,229,5,F,cairo
4,230,5,F,cairo
4,231,5,F,giza
4,232,5,F,giza
4,233,5,F,cairo
4,235,5,F,cairo
4,237,5,F,cairo
4,246,5,F,giza
4,248,5,F,cairo
4,249,5,F,cairo
4,250,5,F,cairo
4,251,5,F,cairo
4,252,5,F,cairo
4,253,5,F,giza
4,254,5,F,sharm el sheikh
4,257,5,F,sharm el sheikh
4,258,5,F,sharm el sheikh
4,271,5,F,sharm el sheikh
4,274,5,F,sharm el sheikh
4,281,5,F,sharm el sheikh
4,285,5,F,sharm el sheikh
4,287,5,F,sharm el sheikh
4,288,5,F,luxor
4,290,5,F,luxor
4,291,5,F,luxor
4,292,5,F,luxor
4,293,5,F,luxor
4,294,5,F,luxor
4,295,5,F,luxor
4,296,5,F,luxor
4,297,5,F,luxor
4,299,5,F,luxor
4,300,5,F,luxor
4,302,5,F,luxor
4,304,5,F,luxor
4,305,5,F,luxor
4,307,5,F,luxor
4,308,5,F,luxor
4,309,5,F,luxor
4,310,5,F,luxor
4,311,5,F,luxor
4,312,5,F,luxor
4,314,5,F,luxor
4,315,5,F,luxor
4,316,5,F,luxor
4,320,5,F,luxor
4,328,5,F,fayoum
4,330,5,F,fayoum
4,338,5,F,alexandria
4,339,5,F,alexandria
4,342,5,F,alexandria
4,343,5,F,alexandria
4,344,5,F,alexandria
4,346,5,F,alexandria
4,350,5,F,alexandria
4,352,5,F,alexandria
4,354,5,F,alexandria
4,356,5,F,alexandria
4,359,5,F,alexandria
4,361,5,F,alexandria
4,366,5,F,alexandria
4,369,5,F,alexandria
4,370,5,F,alexandria
4,371,5,F,alexandria
4,372,5,F,alexandria
4,375,5,F,alexandria
4,376,5,F,alexandria
4,377,5,F,alexandria
4,379,5,F,alexandria
4,380,5,F,alexandria
4,381,5,F,alexandria
4,382,5,F,alexandria
4,383,5,F,alexandria
4,384,5,F,alexandria
4,385,5,F,alexandria
4,386,5,F,alexandria
4,387,5,F,alexandria
4,388,5,F,alexandria
4,389,5,F,alexandria
4,390,5,F,alexandria
4,391,5,F,alexandria
4,392,5,F,alexandria
4,394,5,F,alexandria
4,395,5,F,alexandria
4,397,5,F,alexandria
4,398,5,F,alexandria
4,407,5,F,hurghada
4,408,5,F,hurghada
4,409,5,F,hurghada
4,414,5,F,hurghada
4,418,5,F,hurghada
4,428,5,F,hurghada
4,4,5,F,cairo
4,5,5,F,cairo
4,11,5,F,cairo
4,12,5,F,cairo
4,14,5,F,cairo
4,16,5,F,cairo
4,17,5,F,cairo
4,18,5,F,cairo
4,20,5,F,cairo
4,21,5,F,cairo
4,22,5,F,cairo
4,24,5,F,cairo
4,26,5,F,cairo
4,27,5,F,cairo
4,28,5,F,cairo
4,31,5,F,cairo
4,34,5,F,giza
4,35,5,F,cairo
4,36,5,F,cairo
4,38,5,F,giza
4,40,5,F,giza
4,41,5,F,cairo
4,42,5,F,giza
4,44,5,F,cairo
4,45,5,F,cairo
4,47,5,F,cairo
4,48,5,F,cairo
4,49,5,F,cairo
4,50,5,F,cairo
4,51,5,F,cairo
4,52,5,F,cairo
4,53,5,F,cairo
4,54,5,F,cairo
4,55,5,F,cairo
4,56,5,F,giza
4,57,5,F,luxor
4,58,5,F,cairo
4,60,5,F,cairo
4,61,5,F,cairo
4,62,5,F,giza
4,63,5,F,cairo
4,64,5,F,cairo
4,65,5,F,cairo
4,66,5,F,cairo
4,68,5,F,cairo
4,69,5,F,cairo
4,70,5,F,cairo
4,71,5,F,cairo
4,72,5,F,cairo
4,73,5,F,cairo
4,74,5,F,cairo
4,75,5,F,Alexandria
4,76,5,F,Alexandria
4,77,5,F,cairo
4,78,5,F,cairo
4,81,5,F,cairo
4,82,5,F,cairo
4,83,5,F,cairo
4,84,5,F,cairo
4,85,5,F,cairo
4,86,5,F,cairo
4,87,5,F,cairo
4,88,5,F,cairo
4,89,5,F,cairo
4,90,5,F,cairo
4,91,5,F,cairo
4,92,5,F,cairo
4,93,5,F,cairo
4,94,5,F,cairo
4,95,5,F,cairo
4,96,5,F,cairo
4,97,5,F,cairo
4,98,5,F,cairo
4,99,5,F,cairo
4,100,5,F,cairo
4,102,5,F,cairo
4,103,5,F,cairo
4,104,5,F,cairo
4,105,5,F,cairo
4,106,5,F,cairo
4,107,5,F,cairo
4,108,5,F,cairo
4,109,5,F,cairo
4,110,5,F,cairo
4,111,5,F,cairo
4,112,5,F,cairo
4,113,5,F,cairo
4,114,5,F,cairo
4,115,5,F,cairo
4,116,5,F,cairo
4,117,5,F,cairo
4,119,5,F,cairo
4,120,5,F,cairo
4,121,5,F,cairo
4,122,5,F,cairo
4,123,5,F,cairo
4,124,5,F,cairo
4,125,5,F,cairo
4,126,5,F,cairo
4,127,5,F,cairo
4,129,5,F,giza
4,130,5,F,cairo
4,134,5,F,cairo
4,142,5,F,cairo
4,153,5,F,cairo
4,168,5,F,cairo
4,180,5,F,cairo
4,182,5,F,cairo
4,184,5,F,cairo
4,186,5,F,cairo
4,193,5,F,cairo
4,204,5,F,cairo
4,206,5,F,cairo
4,208,5,F,cairo
4,209,5,F,cairo
4,211,5,F,giza
4,213,5,F,cairo
4,217,5,F,giza
4,219,5,F,cairo
4,221,5,F,giza
4,223,5,F,cairo
4,226,5,F,cairo
4,227,5,F,cairo
4,228,5,F,cairo
4,229,5,F,cairo
4,230,5,F,cairo
4,231,5,F,giza
4,232,5,F,giza
4,233,5,F,cairo
4,235,5,F,cairo
4,237,5,F,cairo
4,246,5,F,giza
4,248,5,F,cairo
4,249,5,F,cairo
4,250,5,F,cairo
4,251,5,F,cairo
4,252,5,F,cairo
4,253,5,F,giza
4,254,5,F,sharm el sheikh
4,257,5,F,sharm el sheikh
4,258,5,F,sharm el sheikh
4,271,5,F,sharm el sheikh
4,274,5,F,sharm el sheikh
4,281,5,F,sharm el sheikh
4,285,5,F,sharm el sheikh
4,287,5,F,sharm el sheikh
4,288,5,F,luxor
4,290,5,F,luxor
4,291,5,F,luxor
4,292,5,F,luxor
4,293,5,F,luxor
4,294,5,F,luxor
4,295,5,F,luxor
4,296,5,F,luxor
4,297,5,F,luxor
4,299,5,F,luxor
4,300,5,F,luxor
4,302,5,F,luxor
4,304,5,F,luxor
4,305,5,F,luxor
4,307,5,F,luxor
4,308,5,F,luxor
4,309,5,F,luxor
4,310,5,F,luxor
4,311,5,F,luxor
4,312,5,F,luxor
4,314,5,F,luxor
4,315,5,F,luxor
4,316,5,F,luxor
4,320,5,F,luxor
4,328,5,F,fayoum
4,330,5,F,fayoum
4,338,5,F,alexandria
4,339,5,F,alexandria
4,342,5,F,alexandria
4,343,5,F,alexandria
4,344,5,F,alexandria
4,346,5,F,alexandria
4,350,5,F,alexandria
4,352,5,F,alexandria
4,354,5,F,alexandria
4,356,5,F,alexandria
4,359,5,F,alexandria
4,361,5,F,alexandria
4,366,5,F,alexandria
4,369,5,F,alexandria
4,370,5,F,alexandria
4,371,5,F,alexandria
4,372,5,F,alexandria
4,375,5,F,alexandria
4,376,5,F,alexandria
4,377,5,F,alexandria
4,379,5,F,alexandria
4,380,5,F,alexandria
4,381,5,F,alexandria
4,382,5,F,alexandria
4,383,5,F,alexandria
4,384,5,F,alexandria
4,385,5,F,alexandria
4,386,5,F,alexandria
4,387,5,F,alexandria
4,388,5,F,alexandria
4,389,5,F,alexandria
4,390,5,F,alexandria
4,391,5,F,alexandria
4,392,5,F,alexandria
4,394,5,F,alexandria
4,395,5,F,alexandria
4,397,5,F,alexandria
4,398,5,F,alexandria
4,407,5,F,hurghada
4,408,5,F,hurghada
4,409,5,F,hurghada
4,414,5,F,hurghada
4,418,5,F,hurghada
4,428,5,F,hurghada
4,4,5,F,cairo
4,5,5,F,cairo
4,11,5,F,cairo
4,12,5,F,cairo
4,14,5,F,cairo
4,16,5,F,cairo
4,17,5,F,cairo
4,18,5,F,cairo
4,20,5,F,cairo
4,21,5,F,cairo
4,22,5,F,cairo
4,24,5,F,cairo
4,26,5,F,cairo
4,27,5,F,cairo
4,28,5,F,cairo
4,31,5,F,cairo
4,34,5,F,giza
4,35,5,F,cairo
4,36,5,F,cairo
4,38,5,F,giza
4,40,5,F,giza
4,41,5,F,cairo
4,42,5,F,giza
4,44,5,F,cairo
4,45,5,F,cairo
4,47,5,F,cairo
4,48,5,F,cairo
4,49,5,F,cairo
4,50,5,F,cairo
4,51,5,F,cairo
4,52,5,F,cairo
4,53,5,F,cairo
4,54,5,F,cairo
4,55,5,F,cairo
4,56,5,F,giza
4,57,5,F,luxor
4,58,5,F,cairo
4,60,5,F,cairo
4,61,5,F,cairo
4,62,5,F,giza
4,63,5,F,cairo
4,64,5,F,cairo
4,65,5,F,cairo
4,66,5,F,cairo
4,68,5,F,cairo
4,69,5,F,cairo
4,70,5,F,cairo
4,71,5,F,cairo
4,72,5,F,cairo
4,73,5,F,cairo
4,74,5,F,cairo
4,75,5,F,Alexandria
4,76,5,F,Alexandria
4,77,5,F,cairo
4,78,5,F,cairo
4,81,5,F,cairo
4,82,5,F,cairo
4,83,5,F,cairo
4,84,5,F,cairo
4,85,5,F,cairo
4,86,5,F,cairo
4,87,5,F,cairo
4,88,5,F,cairo
4,89,5,F,cairo
4,90,5,F,cairo
4,91,5,F,cairo
4,92,5,F,cairo
4,93,5,F,cairo
4,94,5,F,cairo
4,95,5,F,cairo
4,96,5,F,cairo
4,97,5,F,cairo
4,98,5,F,cairo
4,99,5,F,cairo
4,100,5,F,cairo
4,102,5,F,cairo
4,103,5,F,cairo
4,104,5,F,cairo
4,105,5,F,cairo
4,106,5,F,cairo
4,107,5,F,cairo
4,108,5,F,cairo
4,109,5,F,cairo
4,110,5,F,cairo
4,111,5,F,cairo
4,112,5,F,cairo
4,113,5,F,cairo
4,114,5,F,cairo
4,115,5,F,cairo
4,116,5,F,cairo
4,117,5,F,cairo
4,119,5,F,cairo
4,120,5,F,cairo
4,121,5,F,cairo
4,122,5,F,cairo
4,123,5,F,cairo
4,124,5,F,cairo
4,125,5,F,cairo
4,126,5,F,cairo
4,127,5,F,cairo
4,129,5,F,giza
4,130,5,F,cairo
4,134,5,F,cairo
4,142,5,F,cairo
4,153,5,F,cairo
4,168,5,F,cairo
4,180,5,F,cairo
4,182,5,F,cairo
4,184,5,F,cairo
4,186,5,F,cairo
4,193,5,F,cairo
4,204,5,F,cairo
4,206,5,F,cairo
4,208,5,F,cairo
4,209,5,F,cairo
4,211,5,F,giza
4,213,5,F,cairo
4,217,5,F,giza
4,219,5,F,cairo
4,221,5,F,giza
4,223,5,F,cairo
4,226,5,F,cairo
4,227,5,F,cairo
4,228,5,F,cairo
4,229,5,F,cairo
4,230,5,F,cairo
4,231,5,F,giza
4,232,5,F,giza
4,233,5,F,cairo
4,235,5,F,cairo
4,237,5,F,cairo
4,246,5,F,giza
4,248,5,F,cairo
4,249,5,F,cairo
4,250,5,F,cairo
4,251,5,F,cairo
4,252,5,F,cairo
4,253,5,F,giza
4,254,5,F,sharm el sheikh
4,257,5,F,sharm el sheikh
4,258,5,F,sharm el sheikh
4,271,5,F,sharm el sheikh
4,274,5,F,sharm el sheikh
4,281,5,F,sharm el sheikh
4,285,5,F,sharm el sheikh
4,287,5,F,sharm el sheikh
4,288,5,F,luxor
4,290,5,F,luxor
4,291,5,F,luxor
4,292,5,F,luxor
4,293,5,F,luxor
4,294,5,F,luxor
4,295,5,F,luxor
4,296,5,F,luxor
4,297,5,F,luxor
4,299,5,F,luxor
4,300,5,F,luxor
4,302,5,F,luxor
4,304,5,F,luxor
4,305,5,F,luxor
4,307,5,F,luxor
4,308,5,F,luxor
4,309,5,F,luxor
4,310,5,F,luxor
4,311,5,F,luxor
4,312,5,F,luxor
4,314,5,F,luxor
4,315,5,F,luxor
4,316,5,F,luxor
4,320,5,F,luxor
4,328,5,F,fayoum
4,330,5,F,fayoum
4,338,5,F,alexandria
4,339,5,F,alexandria
4,342,5,F,alexandria
4,343,5,F,alexandria
4,344,5,F,alexandria
4,346,5,F,alexandria
4,350,5,F,alexandria
4,352,5,F,alexandria
4,354,5,F,alexandria
4,356,5,F,alexandria
4,359,5,F,alexandria
4,361,5,F,alexandria
4,366,5,F,alexandria
4,369,5,F,alexandria
4,370,5,F,alexandria
4,371,5,F,alexandria
4,372,5,F,alexandria
4,375,5,F,alexandria
4,376,5,F,alexandria
4,377,5,F,alexandria
4,379,5,F,alexandria
4,380,5,F,alexandria
4,381,5,F,alexandria
4,382,5,F,alexandria
4,383,5,F,alexandria
4,384,5,F,alexandria
4,385,5,F,alexandria
4,386,5,F,alexandria
4,387,5,F,alexandria
4,388,5,F,alexandria
4,389,5,F,alexandria
4,390,5,F,alexandria
4,391,5,F,alexandria
4,392,5,F,alexandria
4,394,5,F,alexandria
4,395,5,F,alexandria
4,397,5,F,alexandria
4,398,5,F,alexandria
4,407,5,F,hurghada
4,408,5,F,hurghada
4,409,5,F,hurghada
4,414,5,F,hurghada
4,418,5,F,hurghada
4,428,5,F,hurghada
4,4,5,F,cairo
4,5,5,F,cairo
4,11,5,F,cairo
4,12,5,F,cairo
4,14,5,F,cairo
4,16,5,F,cairo
4,17,5,F,cairo
4,18,5,F,cairo
4,20,5,F,cairo
4,21,5,F,cairo
4,22,5,F,cairo
4,24,5,F,cairo
4,26,5,F,cairo
4,27,5,F,cairo
4,28,5,F,cairo
4,31,5,F,cairo
4,34,5,F,giza
4,35,5,F,cairo
4,36,5,F,cairo
4,38,5,F,giza
4,40,5,F,giza
4,41,5,F,cairo
4,42,5,F,giza
4,44,5,F,cairo
4,45,5,F,cairo
4,47,5,F,cairo
4,48,5,F,cairo
4,49,5,F,cairo
4,50,5,F,cairo
4,51,5,F,cairo
4,52,5,F,cairo
4,53,5,F,cairo
4,54,5,F,cairo
4,55,5,F,cairo
4,56,5,F,giza
4,57,5,F,luxor
4,58,5,F,cairo
4,60,5,F,cairo
4,61,5,F,cairo
4,62,5,F,giza
4,63,5,F,cairo
4,64,5,F,cairo
4,65,5,F,cairo
4,66,5,F,cairo
4,68,5,F,cairo
4,69,5,F,cairo
4,70,5,F,cairo
4,71,5,F,cairo
4,72,5,F,cairo
4,73,5,F,cairo
4,74,5,F,cairo
4,75,5,F,Alexandria
4,76,5,F,Alexandria
4,77,5,F,cairo
4,78,5,F,cairo
4,81,5,F,cairo
4,82,5,F,cairo
4,83,5,F,cairo
4,84,5,F,cairo
4,85,5,F,cairo
4,86,5,F,cairo
4,87,5,F,cairo
4,88,5,F,cairo
4,89,5,F,cairo
4,90,5,F,cairo
4,91,5,F,cairo
4,92,5,F,cairo
4,93,5,F,cairo
4,94,5,F,cairo
4,95,5,F,cairo
4,96,5,F,cairo
4,97,5,F,cairo
4,98,5,F,cairo
4,99,5,F,cairo
4,100,5,F,cairo
4,102,5,F,cairo
4,103,5,F,cairo
4,104,5,F,cairo
4,105,5,F,cairo
4,106,5,F,cairo
4,107,5,F,cairo
4,108,5,F,cairo
4,109,5,F,cairo
4,110,5,F,cairo
4,111,5,F,cairo
4,112,5,F,cairo
4,113,5,F,cairo
4,114,5,F,cairo
4,115,5,F,cairo
4,116,5,F,cairo
4,117,5,F,cairo
4,119,5,F,cairo
4,120,5,F,cairo
4,121,5,F,cairo
4,122,5,F,cairo
4,123,5,F,cairo
4,124,5,F,cairo
4,125,5,F,cairo
4,126,5,F,cairo
4,127,5,F,cairo
4,129,5,F,giza
4,130,5,F,cairo
4,134,5,F,cairo
4,142,5,F,cairo
4,153,5,F,cairo
4,168,5,F,cairo
4,180,5,F,cairo
4,182,5,F,cairo
4,184,5,F,cairo
4,186,5,F,cairo
4,193,5,F,cairo
4,204,5,F,cairo
4,206,5,F,cairo
4,208,5,F,cairo
4,209,5,F,cairo
4,211,5,F,giza
4,213,5,F,cairo
4,217,5,F,giza
4,219,5,F,cairo
4,221,5,F,giza
4,223,5,F,cairo
4,226,5,F,cairo
4,227,5,F,cairo
4,228,5,F,cairo
4,229,5,F,cairo
4,230,5,F,cairo
4,231,5,F,giza
4,232,5,F,giza
4,233,5,F,cairo
4,235,5,F,cairo
4,237,5,F,cairo
4,246,5,F,giza
4,248,5,F,cairo
4,249,5,F,cairo
4,250,5,F,cairo
4,251,5,F,cairo
4,252,5,F,cairo
4,253,5,F,giza
4,254,5,F,sharm el sheikh
4,257,5,F,sharm el sheikh
4,258,5,F,sharm el sheikh
4,271,5,F,sharm el sheikh
4,274,5,F,sharm el sheikh
4,281,5,F,sharm el sheikh
4,285,5,F,sharm el sheikh
4,287,5,F,sharm el sheikh
4,288,5,F,luxor
4,290,5,F,luxor
4,291,5,F,luxor
4,292,5,F,luxor
4,293,5,F,luxor
4,294,5,F,luxor
4,295,5,F,luxor
4,296,5,F,luxor
4,297,5,F,luxor
4,299,5,F,luxor
4,300,5,F,luxor
4,302,5,F,luxor
4,304,5,F,luxor
4,305,5,F,luxor
4,307,5,F,luxor
4,308,5,F,luxor
4,309,5,F,luxor
4,310,5,F,luxor
4,311,5,F,luxor
4,312,5,F,luxor
4,314,5,F,luxor
4,315,5,F,luxor
4,316,5,F,luxor
4,320,5,F,luxor
4,328,5,F,fayoum
4,330,5,F,fayoum
4,338,5,F,alexandria
4,339,5,F,alexandria
4,342,5,F,alexandria
4,343,5,F,alexandria
4,344,5,F,alexandria
4,346,5,F,alexandria
4,350,5,F,alexandria
4,352,5,F,alexandria
4,354,5,F,alexandria
4,356,5,F,alexandria
4,359,5,F,alexandria
4,361,5,F,alexandria
4,366,5,F,alexandria
4,369,5,F,alexandria
4,370,5,F,alexandria
4,371,5,F,alexandria
4,372,5,F,alexandria
4,375,5,F,alexandria
4,376,5,F,alexandria
4,377,5,F,alexandria
4,379,5,F,alexandria
4,380,5,F,alexandria
4,381,5,F,alexandria
4,382,5,F,alexandria
4,383,5,F,alexandria
4,384,5,F,alexandria
4,385,5,F,alexandria
4,386,5,F,alexandria
4,387,5,F,alexandria
4,388,5,F,alexandria
4,389,5,F,alexandria
4,390,5,F,alexandria
4,391,5,F,alexandria
4,392,5,F,alexandria
4,394,5,F,alexandria
4,395,5,F,alexandria
4,397,5,F,alexandria
4,398,5,F,alexandria
4,407,5,F,hurghada
4,408,5,F,hurghada
4,409,5,F,hurghada
4,414,5,F,hurghada
4,418,5,F,hurghada
4,428,5,F,hurghada
4,4,5,F,cairo
4,5,5,F,cairo
4,11,5,F,cairo
4,12,5,F,cairo
4,14,5,F,cairo
4,16,5,F,cairo
4,17,5,F,cairo
4,18,5,F,cairo
4,20,5,F,cairo
4,21,5,F,cairo
4,22,5,F,cairo
4,24,5,F,cairo
4,26,5,F,cairo
4,27,5,F,cairo
4,28,5,F,cairo
4,31,5,F,cairo
4,34,5,F,giza
4,35,5,F,cairo
4,36,5,F,cairo
4,38,5,F,giza
4,40,5,F,giza
4,41,5,F,cairo
4,42,5,F,giza
4,44,5,F,cairo
4,45,5,F,cairo
4,47,5,F,cairo
4,48,5,F,cairo
4,49,5,F,cairo
4,50,5,F,cairo
4,51,5,F,cairo
4,52,5,F,cairo
4,53,5,F,cairo
4,54,5,F,cairo
4,55,5,F,cairo
4,56,5,F,giza
4,57,5,F,luxor
4,58,5,F,cairo
4,60,5,F,cairo
4,61,5,F,cairo
4,62,5,F,giza
4,63,5,F,cairo
4,64,5,F,cairo
4,65,5,F,cairo
4,66,5,F,cairo
4,68,5,F,cairo
4,69,5,F,cairo
4,70,5,F,cairo
4,71,5,F,cairo
4,72,5,F,cairo
4,73,5,F,cairo
4,74,5,F,cairo
4,75,5,F,Alexandria
4,76,5,F,Alexandria
4,77,5,F,cairo
4,78,5,F,cairo
4,81,5,F,cairo
4,82,5,F,cairo
4,83,5,F,cairo
4,84,5,F,cairo
4,85,5,F,cairo
4,86,5,F,cairo
4,87,5,F,cairo
4,88,5,F,cairo
4,89,5,F,cairo
4,90,5,F,cairo
4,91,5,F,cairo
4,92,5,F,cairo
4,93,5,F,cairo
4,94,5,F,cairo
4,95,5,F,cairo
4,96,5,F,cairo
4,97,5,F,cairo
4,98,5,F,cairo
4,99,5,F,cairo
4,100,5,F,cairo
4,102,5,F,cairo
4,103,5,F,cairo
4,104,5,F,cairo
4,105,5,F,cairo
4,106,5,F,cairo
4,107,5,F,cairo
4,108,5,F,cairo
4,109,5,F,cairo
4,110,5,F,cairo
4,111,5,F,cairo
4,112,5,F,cairo
4,113,5,F,cairo
4,114,5,F,cairo
4,115,5,F,cairo
4,116,5,F,cairo
4,117,5,F,cairo
4,119,5,F,cairo
4,120,5,F,cairo
4,121,5,F,cairo
4,122,5,F,cairo
4,123,5,F,cairo
4,124,5,F,cairo
4,125,5,F,cairo
4,126,5,F,cairo
4,127,5,F,cairo
4,129,5,F,giza
4,130,5,F,cairo
4,134,5,F,cairo
4,142,5,F,cairo
4,153,5,F,cairo
4,168,5,F,cairo
4,180,5,F,cairo
4,182,5,F,cairo
4,184,5,F,cairo
4,186,5,F,cairo
4,193,5,F,cairo
4,204,5,F,cairo
4,206,5,F,cairo
4,208,5,F,cairo
4,209,5,F,cairo
4,211,5,F,giza
4,213,5,F,cairo
4,217,5,F,giza
4,219,5,F,cairo
4,221,5,F,giza
4,223,5,F,cairo
4,226,5,F,cairo
4,227,5,F,cairo
4,228,5,F,cairo
4,229,5,F,cairo
4,230,5,F,cairo
4,231,5,F,giza
4,232,5,F,giza
4,233,5,F,cairo
4,235,5,F,cairo
4,237,5,F,cairo
4,246,5,F,giza
4,248,5,F,cairo
4,249,5,F,cairo
4,250,5,F,cairo
4,251,5,F,cairo
4,252,5,F,cairo
4,253,5,F,giza
4,254,5,F,sharm el sheikh
4,257,5,F,sharm el sheikh
4,258,5,F,sharm el sheikh
4,271,5,F,sharm el sheikh
4,274,5,F,sharm el sheikh
4,281,5,F,sharm el sheikh
4,285,5,F,sharm el sheikh
4,287,5,F,sharm el sheikh
4,288,5,F,luxor
4,290,5,F,luxor
4,291,5,F,luxor
4,292,5,F,luxor
4,293,5,F,luxor
4,294,5,F,luxor
4,295,5,F,luxor
4,296,5,F,luxor
4,297,5,F,luxor
4,299,5,F,luxor
4,300,5,F,luxor
4,302,5,F,luxor
4,304,5,F,luxor
4,305,5,F,luxor
4,307,5,F,luxor
4,308,5,F,luxor
4,309,5,F,luxor
4,310,5,F,luxor
4,311,5,F,luxor
4,312,5,F,luxor
4,314,5,F,luxor
4,315,5,F,luxor
4,316,5,F,luxor
4,320,5,F,luxor
4,328,5,F,fayoum
4,330,5,F,fayoum
4,338,5,F,alexandria
4,339,5,F,alexandria
4,342,5,F,alexandria
4,343,5,F,alexandria
4,344,5,F,alexandria
4,346,5,F,alexandria
4,350,5,F,alexandria
4,352,5,F,alexandria
4,354,5,F,alexandria
4,356,5,F,alexandria
4,359,5,F,alexandria
4,361,5,F,alexandria
4,366,5,F,alexandria
4,369,5,F,alexandria
4,370,5,F,alexandria
4,371,5,F,alexandria
4,372,5,F,alexandria
4,375,5,F,alexandria
4,376,5,F,alexandria
4,377,5,F,alexandria
4,379,5,F,alexandria
4,380,5,F,alexandria
4,381,5,F,alexandria
4,382,5,F,alexandria
4,383,5,F,alexandria
4,384,5,F,alexandria
4,385,5,F,alexandria
4,386,5,F,alexandria
4,387,5,F,alexandria
4,388,5,F,alexandria
4,389,5,F,alexandria
4,390,5,F,alexandria
4,391,5,F,alexandria
4,392,5,F,alexandria
4,394,5,F,alexandria
4,395,5,F,alexandria
4,397,5,F,alexandria
4,398,5,F,alexandria
4,407,5,F,hurghada
4,408,5,F,hurghada
4,409,5,F,hurghada
4,414,5,F,hurghada
4,418,5,F,hurghada
4,428,5,F,hurghada
4,4,5,F,cairo
4,5,5,F,cairo
4,11,5,F,cairo
4,12,5,F,cairo
4,14,5,F,cairo
4,16,5,F,cairo
4,17,5,F,cairo
4,18,5,F,cairo
4,20,5,F,cairo
4,21,5,F,cairo
4,22,5,F,cairo
4,24,5,F,cairo
4,26,5,F,cairo
4,27,5,F,cairo
4,28,5,F,cairo
4,31,5,F,cairo
4,34,5,F,giza
4,35,5,F,cairo
4,36,5,F,cairo
4,38,5,F,giza
4,40,5,F,giza
4,41,5,F,cairo
4,42,5,F,giza
4,44,5,F,cairo
4,45,5,F,cairo
4,47,5,F,cairo
4,48,5,F,cairo
4,49,5,F,cairo
4,50,5,F,cairo
4,51,5,F,cairo
4,52,5,F,cairo
4,53,5,F,cairo
4,54,5,F,cairo
4,55,5,F,cairo
4,56,5,F,giza
4,57,5,F,luxor
4,58,5,F,cairo
4,60,5,F,cairo
4,61,5,F,cairo
4,62,5,F,giza
4,63,5,F,cairo
4,64,5,F,cairo
4,65,5,F,cairo
4,66,5,F,cairo
4,68,5,F,cairo
4,69,5,F,cairo
4,70,5,F,cairo
4,71,5,F,cairo
4,72,5,F,cairo
4,73,5,F,cairo
4,74,5,F,cairo
4,75,5,F,Alexandria
4,76,5,F,Alexandria
4,77,5,F,cairo
4,78,5,F,cairo
4,81,5,F,cairo
4,82,5,F,cairo
4,83,5,F,cairo
4,84,5,F,cairo
4,85,5,F,cairo
4,86,5,F,cairo
4,87,5,F,cairo
4,88,5,F,cairo
4,89,5,F,cairo
4,90,5,F,cairo
4,91,5,F,cairo
4,92,5,F,cairo
4,93,5,F,cairo
4,94,5,F,cairo
4,95,5,F,cairo
4,96,5,F,cairo
4,97,5,F,cairo
4,98,5,F,cairo
4,99,5,F,cairo
4,100,5,F,cairo
4,102,5,F,cairo
4,103,5,F,cairo
4,104,5,F,cairo
4,105,5,F,cairo
4,106,5,F,cairo
4,107,5,F,cairo
4,108,5,F,cairo
4,109,5,F,cairo
4,110,5,F,cairo
4,111,5,F,cairo
4,112,5,F,cairo
4,113,5,F,cairo
4,114,5,F,cairo
4,115,5,F,cairo
4,116,5,F,cairo
4,117,5,F,cairo
4,119,5,F,cairo
4,120,5,F,cairo
4,121,5,F,cairo
4,122,5,F,cairo
4,123,5,F,cairo
4,124,5,F,cairo
4,125,5,F,cairo
4,126,5,F,cairo
4,127,5,F,cairo
4,129,5,F,giza
4,130,5,F,cairo
4,134,5,F,cairo
4,142,5,F,cairo
4,153,5,F,cairo
4,168,5,F,cairo
4,180,5,F,cairo
4,182,5,F,cairo
4,184,5,F,cairo
4,186,5,F,cairo
4,193,5,F,cairo
4,204,5,F,cairo
4,206,5,F,cairo
4,208,5,F,cairo
4,209,5,F,cairo
4,211,5,F,giza
4,213,5,F,cairo
4,217,5,F,giza
4,219,5,F,cairo
4,221,5,F,giza
4,223,5,F,cairo
4,226,5,F,cairo
4,227,5,F,cairo
4,228,5,F,cairo
4,229,5,F,cairo
4,230,5,F,cairo
4,231,5,F,giza
4,232,5,F,giza
4,233,5,F,cairo
4,235,5,F,cairo
4,237,5,F,cairo
4,246,5,F,giza
4,248,5,F,cairo
4,249,5,F,cairo
4,250,5,F,cairo
4,251,5,F,cairo
4,252,5,F,cairo
4,253,5,F,giza
4,254,5,F,sharm el sheikh
4,257,5,F,sharm el sheikh
4,258,5,F,sharm el sheikh
4,271,5,F,sharm el sheikh
4,274,5,F,sharm el sheikh
4,281,5,F,sharm el sheikh
4,285,5,F,sharm el sheikh
4,287,5,F,sharm el sheikh
4,288,5,F,luxor
4,290,5,F,luxor
4,291,5,F,luxor
4,292,5,F,luxor
4,293,5,F,luxor
4,294,5,F,luxor
4,295,5,F,luxor
4,296,5,F,luxor
4,297,5,F,luxor
4,299,5,F,luxor
4,300,5,F,luxor
4,302,5,F,luxor
4,304,5,F,luxor
4,305,5,F,luxor
4,307,5,F,luxor
4,308,5,F,luxor
4,309,5,F,luxor
4,310,5,F,luxor
4,311,5,F,luxor
4,312,5,F,luxor
4,314,5,F,luxor
4,315,5,F,luxor
4,316,5,F,luxor
4,320,5,F,luxor
4,328,5,F,fayoum
4,330,5,F,fayoum
4,338,5,F,alexandria
4,339,5,F,alexandria
4,342,5,F,alexandria
4,343,5,F,alexandria
4,344,5,F,alexandria
4,346,5,F,alexandria
4,350,5,F,alexandria
4,352,5,F,alexandria
4,354,5,F,alexandria
4,356,5,F,alexandria
4,359,5,F,alexandria
4,361,5,F,alexandria
4,366,5,F,alexandria
4,369,5,F,alexandria
4,370,5,F,alexandria
4,371,5,F,alexandria
4,372,5,F,alexandria
4,375,5,F,alexandria
4,376,5,F,alexandria
4,377,5,F,alexandria
4,379,5,F,alexandria
4,380,5,F,alexandria
4,381,5,F,alexandria
4,382,5,F,alexandria
4,383,5,F,alexandria
4,384,5,F,alexandria
4,385,5,F,alexandria
4,386,5,F,alexandria
4,387,5,F,alexandria
4,388,5,F,alexandria
4,389,5,F,alexandria
4,390,5,F,alexandria
4,391,5,F,alexandria
4,392,5,F,alexandria
4,394,5,F,alexandria
4,395,5,F,alexandria
4,397,5,F,alexandria
4,398,5,F,alexandria
4,407,5,F,hurghada
4,408,5,F,hurghada
4,409,5,F,hurghada
4,414,5,F,hurghada
4,418,5,F,hurghada
4,428,5,F,hurghada
4,4,5,F,cairo
4,5,5,F,cairo
4,11,5,F,cairo
4,12,5,F,cairo
4,14,5,F,cairo
4,16,5,F,cairo
4,17,5,F,cairo
4,18,5,F,cairo
4,20,5,F,cairo
4,21,5,F,cairo
4,22,5,F,cairo
4,24,5,F,cairo
4,26,5,F,cairo
4,27,5,F,cairo
4,28,5,F,cairo
4,31,5,F,cairo
4,34,5,F,giza
4,35,5,F,cairo
4,36,5,F,cairo
4,38,5,F,giza
4,40,5,F,giza
4,41,5,F,cairo
4,42,5,F,giza
4,44,5,F,cairo
4,45,5,F,cairo
4,47,5,F,cairo
4,48,5,F,cairo
4,49,5,F,cairo
4,50,5,F,cairo
4,51,5,F,cairo
4,52,5,F,cairo
4,53,5,F,cairo
4,54,5,F,cairo
4,55,5,F,cairo
4,56,5,F,giza
4,57,5,F,luxor
4,58,5,F,cairo
4,60,5,F,cairo
4,61,5,F,cairo
4,62,5,F,giza
4,63,5,F,cairo
4,64,5,F,cairo
4,65,5,F,cairo
4,66,5,F,cairo
4,68,5,F,cairo
4,69,5,F,cairo
4,70,5,F,cairo
4,71,5,F,cairo
4,72,5,F,cairo
4,73,5,F,cairo
4,74,5,F,cairo
4,75,5,F,Alexandria
4,76,5,F,Alexandria
4,77,5,F,cairo
4,78,5,F,cairo
4,81,5,F,cairo
4,82,5,F,cairo
4,83,5,F,cairo
4,84,5,F,cairo
4,85,5,F,cairo
4,86,5,F,cairo
4,87,5,F,cairo
4,88,5,F,cairo
4,89,5,F,cairo
4,90,5,F,cairo
4,91,5,F,cairo
4,92,5,F,cairo
4,93,5,F,cairo
4,94,5,F,cairo
4,95,5,F,cairo
4,96,5,F,cairo
4,97,5,F,cairo
4,98,5,F,cairo
4,99,5,F,cairo
4,100,5,F,cairo
4,102,5,F,cairo
4,103,5,F,cairo
4,104,5,F,cairo
4,105,5,F,cairo
4,106,5,F,cairo
4,107,5,F,cairo
4,108,5,F,cairo
4,109,5,F,cairo
4,110,5,F,cairo
4,111,5,F,cairo
4,112,5,F,cairo
4,113,5,F,cairo
4,114,5,F,cairo
4,115,5,F,cairo
4,116,5,F,cairo
4,117,5,F,cairo
4,119,5,F,cairo
4,120,5,F,cairo
4,121,5,F,cairo
4,122,5,F,cairo
4,123,5,F,cairo
4,124,5,F,cairo
4,125,5,F,cairo
4,126,5,F,cairo
4,127,5,F,cairo
4,129,5,F,giza
4,130,5,F,cairo
4,134,5,F,cairo
4,142,5,F,cairo
4,153,5,F,cairo
4,168,5,F,cairo
4,180,5,F,cairo
4,182,5,F,cairo
4,184,5,F,cairo
4,186,5,F,cairo
4,193,5,F,cairo
4,204,5,F,cairo
4,206,5,F,cairo
4,208,5,F,cairo
4,209,5,F,cairo
4,211,5,F,giza
4,213,5,F,cairo
4,217,5,F,giza
4,219,5,F,cairo
4,221,5,F,giza
4,223,5,F,cairo
4,226,5,F,cairo
4,227,5,F,cairo
4,228,5,F,cairo
4,229,5,F,cairo
4,230,5,F,cairo
4,231,5,F,giza
4,232,5,F,giza
4,233,5,F,cairo
4,235,5,F,cairo
4,237,5,F,cairo
4,246,5,F,giza
4,248,5,F,cairo
4,249,5,F,cairo
4,250,5,F,cairo
4,251,5,F,cairo
4,252,5,F,cairo
4,253,5,F,giza
4,254,5,F,sharm el sheikh
4,257,5,F,sharm el sheikh
4,258,5,F,sharm el sheikh
4,271,5,F,sharm el sheikh
4,274,5,F,sharm el sheikh
4,281,5,F,sharm el sheikh
4,285,5,F,sharm el sheikh
4,287,5,F,sharm el sheikh
4,288,5,F,luxor
4,290,5,F,luxor
4,291,5,F,luxor
4,292,5,F,luxor
4,293,5,F,luxor
4,294,5,F,luxor
4,295,5,F,luxor
4,296,5,F,luxor
4,297,5,F,luxor
4,299,5,F,luxor
4,300,5,F,luxor
4,302,5,F,luxor
4,304,5,F,luxor
4,305,5,F,luxor
4,307,5,F,luxor
4,308,5,F,luxor
4,309,5,F,luxor
4,310,5,F,luxor
4,311,5,F,luxor
4,312,5,F,luxor
4,314,5,F,luxor
4,315,5,F,luxor
4,316,5,F,luxor
4,320,5,F,luxor
4,328,5,F,fayoum
4,330,5,F,fayoum
4,338,5,F,alexandria
4,339,5,F,alexandria
4,342,5,F,alexandria
4,343,5,F,alexandria
4,344,5,F,alexandria
4,346,5,F,alexandria
4,350,5,F,alexandria
4,352,5,F,alexandria
4,354,5,F,alexandria
4,356,5,F,alexandria
4,359,5,F,alexandria
4,361,5,F,alexandria
4,366,5,F,alexandria
4,369,5,F,alexandria
4,370,5,F,alexandria
4,371,5,F,alexandria
4,372,5,F,alexandria
4,375,5,F,alexandria
4,376,5,F,alexandria
4,377,5,F,alexandria
4,379,5,F,alexandria
4,380,5,F,alexandria
4,381,5,F,alexandria
4,382,5,F,alexandria
4,383,5,F,alexandria
4,384,5,F,alexandria
4,385,5,F,alexandria
4,386,5,F,alexandria
4,387,5,F,alexandria
4,388,5,F,alexandria
4,389,5,F,alexandria
4,390,5,F,alexandria
4,391,5,F,alexandria
4,392,5,F,alexandria
4,394,5,F,alexandria
4,395,5,F,alexandria
4,397,5,F,alexandria
4,398,5,F,alexandria
4,407,5,F,hurghada
4,408,5,F,hurghada
4,409,5,F,hurghada
4,414,5,F,hurghada
4,418,5,F,hurghada
4,428,5,F,hurghada
20,4,5,F,cairo
20,5,5,F,cairo
20,11,5,F,cairo
20,12,5,F,cairo
20,14,5,F,cairo
20,16,5,F,cairo
20,17,5,F,cairo
20,18,5,F,cairo
20,20,5,F,cairo
20,21,5,F,cairo
20,22,5,F,cairo
20,24,5,F,cairo
20,26,5,F,cairo
20,27,5,F,cairo
20,28,5,F,cairo
20,31,5,F,cairo
20,34,5,F,giza
20,35,5,F,cairo
20,36,5,F,cairo
20,38,5,F,giza
20,40,5,F,giza
20,41,5,F,cairo
20,42,5,F,giza
20,44,5,F,cairo
20,45,5,F,cairo
20,47,5,F,cairo
20,48,5,F,cairo
20,49,5,F,cairo
20,50,5,F,cairo
20,51,5,F,cairo
20,52,5,F,cairo
20,53,5,F,cairo
20,54,5,F,cairo
20,55,5,F,cairo
20,56,5,F,giza
20,57,5,F,luxor
20,58,5,F,cairo
20,60,5,F,cairo
20,61,5,F,cairo
20,62,5,F,giza
20,63,5,F,cairo
20,64,5,F,cairo
20,65,5,F,cairo
20,66,5,F,cairo
20,68,5,F,cairo
20,69,5,F,cairo
20,70,5,F,cairo
20,71,5,F,cairo
20,72,5,F,cairo
20,73,5,F,cairo
20,74,5,F,cairo
20,75,5,F,Alexandria
20,76,5,F,Alexandria
20,77,5,F,cairo
20,78,5,F,cairo
20,81,5,F,cairo
20,82,5,F,cairo
20,83,5,F,cairo
20,84,5,F,cairo
20,85,5,F,cairo
20,86,5,F,cairo
20,87,5,F,cairo
20,88,5,F,cairo
20,89,5,F,cairo
20,90,5,F,cairo
20,91,5,F,cairo
20,92,5,F,cairo
20,93,5,F,cairo
20,94,5,F,cairo
20,95,5,F,cairo
20,96,5,F,cairo
20,97,5,F,cairo
20,98,5,F,cairo
20,99,5,F,cairo
20,100,5,F,cairo
20,102,5,F,cairo
20,103,5,F,cairo
20,104,5,F,cairo
20,105,5,F,cairo
20,106,5,F,cairo
20,107,5,F,cairo
20,108,5,F,cairo
20,109,5,F,cairo
20,110,5,F,cairo
20,111,5,F,cairo
20,112,5,F,cairo
20,113,5,F,cairo
20,114,5,F,cairo
20,115,5,F,cairo
20,116,5,F,cairo
20,117,5,F,cairo
20,119,5,F,cairo
20,120,5,F,cairo
20,121,5,F,cairo
20,122,5,F,cairo
20,123,5,F,cairo
20,124,5,F,cairo
20,125,5,F,cairo
20,126,5,F,cairo
20,127,5,F,cairo
20,129,5,F,giza
20,130,5,F,cairo
20,134,5,F,cairo
20,142,5,F,cairo
20,153,5,F,cairo
20,168,5,F,cairo
20,180,5,F,cairo
20,182,5,F,cairo
20,184,5,F,cairo
20,186,5,F,cairo
20,193,5,F,cairo
20,204,5,F,cairo
20,206,5,F,cairo
20,208,5,F,cairo
20,209,5,F,cairo
20,211,5,F,giza
20,213,5,F,cairo
20,217,5,F,giza
20,219,5,F,cairo
20,221,5,F,giza
20,223,5,F,cairo
20,226,5,F,cairo
20,227,5,F,cairo
20,228,5,F,cairo
20,229,5,F,cairo
20,230,5,F,cairo
20,231,5,F,giza
20,232,5,F,giza
20,233,5,F,cairo
20,235,5,F,cairo
20,237,5,F,cairo
20,246,5,F,giza
20,248,5,F,cairo
20,249,5,F,cairo
20,250,5,F,cairo
20,251,5,F,cairo
20,252,5,F,cairo
20,253,5,F,giza
20,254,5,F,sharm el sheikh
20,257,5,F,sharm el sheikh
20,258,5,F,sharm el sheikh
20,271,5,F,sharm el sheikh
20,274,5,F,sharm el sheikh
20,281,5,F,sharm el sheikh
20,285,5,F,sharm el sheikh
20,287,5,F,sharm el sheikh
20,288,5,F,luxor
20,290,5,F,luxor
20,291,5,F,luxor
20,292,5,F,luxor
20,293,5,F,luxor
20,294,5,F,luxor
20,295,5,F,luxor
20,296,5,F,luxor
20,297,5,F,luxor
20,299,5,F,luxor
20,300,5,F,luxor
20,302,5,F,luxor
20,304,5,F,luxor
20,305,5,F,luxor
20,307,5,F,luxor
20,308,5,F,luxor
20,309,5,F,luxor
20,310,5,F,luxor
20,311,5,F,luxor
20,312,5,F,luxor
20,314,5,F,luxor
20,315,5,F,luxor
20,316,5,F,luxor
20,320,5,F,luxor
20,328,5,F,fayoum
20,330,5,F,fayoum
20,338,5,F,alexandria
20,339,5,F,alexandria
20,342,5,F,alexandria
20,343,5,F,alexandria
20,344,5,F,alexandria
20,346,5,F,alexandria
20,350,5,F,alexandria
20,352,5,F,alexandria
20,354,5,F,alexandria
20,356,5,F,alexandria
20,359,5,F,alexandria
20,361,5,F,alexandria
20,366,5,F,alexandria
20,369,5,F,alexandria
20,370,5,F,alexandria
20,371,5,F,alexandria
20,372,5,F,alexandria
20,375,5,F,alexandria
20,376,5,F,alexandria
20,377,5,F,alexandria
20,379,5,F,alexandria
20,380,5,F,alexandria
20,381,5,F,alexandria
20,382,5,F,alexandria
20,383,5,F,alexandria
20,384,5,F,alexandria
20,385,5,F,alexandria
20,386,5,F,alexandria
20,387,5,F,alexandria
20,388,5,F,alexandria
20,389,5,F,alexandria
20,390,5,F,alexandria
20,391,5,F,alexandria
20,392,5,F,alexandria
20,394,5,F,alexandria
20,395,5,F,alexandria
20,397,5,F,alexandria
20,398,5,F,alexandria
20,407,5,F,hurghada
20,408,5,F,hurghada
20,409,5,F,hurghada
20,414,5,F,hurghada
20,418,5,F,hurghada
20,428,5,F,hurghada
22,3,5,F,cairo
22,6,5,F,cairo
22,8,5,F,cairo
22,9,5,F,cairo
22,13,5,F,cairo
22,15,5,F,cairo
22,19,5,F,cairo
22,23,5,F,cairo
22,30,5,F,cairo
22,32,5,F,cairo
22,37,5,F,cairo
22,39,5,F,cairo
22,132,5,F,cairo
22,133,5,F,cairo
22,138,5,F,cairo
22,139,5,F,cairo
22,140,5,F,cairo
22,141,5,F,cairo
22,143,5,F,cairo
22,144,5,F,cairo
22,145,5,F,cairo
22,146,5,F,cairo
22,147,5,F,cairo
22,148,5,F,cairo
22,149,5,F,cairo
22,150,5,F,cairo
22,151,5,F,cairo
22,152,5,F,cairo
22,154,5,F,cairo
22,155,5,F,cairo
22,156,5,F,cairo
22,157,5,F,cairo
22,158,5,F,cairo
22,159,5,F,cairo
22,160,5,F,cairo
22,161,5,F,cairo
22,162,5,F,cairo
22,163,5,F,cairo
22,164,5,F,cairo
22,165,5,F,cairo
22,166,5,F,cairo
22,167,5,F,cairo
22,170,5,F,cairo
22,171,5,F,cairo
22,172,5,F,cairo
22,173,5,F,cairo
22,174,5,F,cairo
22,175,5,F,cairo
22,176,5,F,cairo
22,179,5,F,cairo
22,181,5,F,cairo
22,183,5,F,cairo
22,185,5,F,cairo
22,187,5,F,cairo
22,191,5,F,cairo
22,192,5,F,cairo
22,194,5,F,cairo
22,195,5,F,cairo
22,197,5,F,cairo
22,198,5,F,cairo
22,199,5,F,alexandria
22,200,5,F,cairo
22,201,5,F,cairo
22,202,5,F,cairo
22,203,5,F,alexandria
22,207,5,F,cairo
22,212,5,F,cairo
22,222,5,F,giza
22,225,5,F,cairo
22,234,5,F,cairo
22,242,5,F,giza
22,245,5,F,cairo
22,247,5,F,giza
22,256,5,F,sharm el sheikh
22,259,5,F,sharm el sheikh
22,272,5,F,sharm el sheikh
22,301,5,F,luxor
22,329,5,F,fayoum
22,334,5,F,alexandria
22,335,5,F,alexandria
22,336,5,F,alexandria
22,345,5,F,alexandria
22,349,5,F,alexandria
22,353,5,F,alexandria
22,357,5,F,alexandria
22,360,5,F,alexandria
22,367,5,F,alexandria
22,373,5,F,alexandria
22,400,5,F,alexandria
