user_id,attraction_id,rating,flag,city
65,11,4.5,F,cairo
65,14,4.6,F,cairo
65,16,4.6,F,cairo
65,17,4.6,F,cairo
65,18,4.7,F,cairo
65,19,4.6,F,cairo
65,21,4.4,F,cairo
65,28,4.2,F,cairo
65,32,4.7,F,cairo
65,41,4.4,F,cairo
65,47,3.9,F,cairo
65,48,4.6,F,cairo
65,49,4.6,F,cairo
65,50,4.5,F,cairo
65,51,4.3,F,cairo
65,52,4.4,F,cairo
65,53,4.1,F,cairo
65,54,4.4,F,cairo
65,55,4.5,F,cairo
65,56,4.3,F,giza
65,57,4.7,F,luxor
65,58,4.5,F,cairo
65,60,4.2,F,cairo
65,61,4.3,F,cairo
65,62,4.6,F,giza
65,63,4.6,F,cairo
65,64,4.6,F,cairo
65,65,4.4,F,cairo
65,66,4.7,F,cairo
65,68,4.5,F,cairo
65,69,4.7,F,cairo
65,70,4.8,F,cairo
65,71,4.3,F,cairo
65,72,4.4,F,cairo
65,73,4.5,F,cairo
65,75,4.4,F,Alexandria
65,76,4.6,F,Alexandria
65,77,3.9,F,cairo
65,78,4.4,F,cairo
65,81,4.3,F,cairo
65,82,4.3,F,cairo
65,83,3.9,F,cairo
65,85,4.2,F,cairo
65,98,4.5,F,cairo
65,104,4.3,F,cairo
65,108,3.8,F,cairo
65,109,4.2,F,cairo
65,111,4.1,F,cairo
65,114,4.2,F,cairo
65,120,4.3,F,cairo
65,130,3.9,F,cairo
65,195,4.6,F,cairo
65,204,4.3,F,cairo
65,206,4.2,F,cairo
65,207,4.8,F,cairo
65,208,4.3,F,cairo
65,209,3.8,F,cairo
65,212,4.7,F,cairo
65,213,4.5,F,cairo
65,217,4.7,F,giza
65,219,4.2,F,cairo
65,223,4.2,F,cairo
65,227,3.9,F,cairo
65,229,3.9,F,cairo
65,230,4.3,F,cairo
65,233,4.4,F,cairo
65,234,4.7,F,cairo
65,235,4.5,F,cairo
65,237,4.7,F,cairo
65,242,4.5,F,giza
65,248,4.3,F,cairo
65,252,3.8,F,cairo
65,259,4.8,F,sharm el sheikh
65,271,4.6,F,sharm el sheikh
65,281,4.0,F,sharm el sheikh
65,285,4.8,F,sharm el sheikh
65,288,4.7,F,luxor
65,291,4.4,F,luxor
65,328,4.1,F,fayoum
65,335,4.3,F,alexandria
65,338,4.4,F,alexandria
65,339,4.6,F,alexandria
65,342,4.3,F,alexandria
65,343,4.2,F,alexandria
65,344,4.5,F,alexandria
65,345,4.8,F,alexandria
65,346,3.9,F,alexandria
65,352,4.5,F,alexandria
65,354,4.6,F,alexandria
65,356,4.6,F,alexandria
65,357,4.4,F,alexandria
65,359,4.4,F,alexandria
65,360,4.6,F,alexandria
65,361,4.4,F,alexandria
65,366,4.5,F,alexandria
65,369,4.0,F,alexandria
65,370,4.2,F,alexandria
65,372,4.3,F,alexandria
65,373,4.1,F,alexandria
65,375,3.7,F,alexandria
65,376,4.2,F,alexandria
65,377,4.0,F,alexandria
65,379,4.3,F,alexandria
65,380,4.3,F,alexandria
65,382,4.4,F,alexandria
65,383,4.3,F,alexandria
65,384,3.9,F,alexandria
65,385,4.4,F,alexandria
65,386,4.3,F,alexandria
65,387,4.2,F,alexandria
65,389,3.8,F,alexandria
65,391,3.6,F,alexandria
65,394,3.8,F,alexandria
65,397,4.3,F,alexandria
65,398,4.0,F,alexandria
65,409,4.4,F,hurghada
65,428,3.8,F,hurghada
66,11,4.5,F,cairo
66,14,4.6,F,cairo
66,16,4.6,F,cairo
66,17,4.6,F,cairo
66,18,4.7,F,cairo
66,19,4.6,F,cairo
66,21,4.4,F,cairo
66,32,4.7,F,cairo
66,41,4.4,F,cairo
66,47,3.9,F,cairo
66,48,4.6,F,cairo
66,49,4.6,F,cairo
66,50,4.5,F,cairo
66,51,4.3,F,cairo
66,52,4.4,F,cairo
66,53,4.1,F,cairo
66,54,4.4,F,cairo
66,55,4.5,F,cairo
66,56,4.3,F,giza
66,57,4.7,F,luxor
66,58,4.5,F,cairo
66,59,4.6,F,cairo
66,60,4.2,F,cairo
66,61,4.3,F,cairo
66,62,4.6,F,giza
66,63,4.6,F,cairo
66,64,4.6,F,cairo
66,65,4.4,F,cairo
66,66,4.7,F,cairo
66,68,4.5,F,cairo
66,69,4.7,F,cairo
66,70,4.8,F,cairo
66,71,4.3,F,cairo
66,72,4.4,F,cairo
66,73,4.5,F,cairo
66,75,4.4,F,Alexandria
66,76,4.6,F,Alexandria
66,77,3.9,F,cairo
66,78,4.4,F,cairo
66,81,4.3,F,cairo
66,82,4.3,F,cairo
66,83,3.9,F,cairo
66,135,4.2,F,cairo
66,178,4.7,F,cairo
66,195,4.6,F,cairo
66,204,4.3,F,cairo
66,205,4.0,F,cairo
66,207,4.8,F,cairo
66,208,4.3,F,cairo
66,212,4.7,F,cairo
66,213,4.5,F,cairo
66,215,4.2,F,cairo
66,217,4.7,F,giza
66,227,3.9,F,cairo
66,229,3.9,F,cairo
66,230,4.3,F,cairo
66,233,4.4,F,cairo
66,234,4.7,F,cairo
66,235,4.5,F,cairo
66,237,4.7,F,cairo
66,242,4.5,F,giza
66,248,4.3,F,cairo
66,259,4.8,F,sharm el sheikh
66,267,4.6,F,sharm el sheikh
66,271,4.6,F,sharm el sheikh
66,280,4.2,F,sharm el sheikh
66,286,3.9,F,sharm el sheikh
66,288,4.7,F,luxor
66,291,4.4,F,luxor
66,328,4.1,F,fayoum
66,333,4.5,F,alexandria
66,335,4.3,F,alexandria
66,338,4.4,F,alexandria
66,339,4.6,F,alexandria
66,342,4.3,F,alexandria
66,344,4.5,F,alexandria
66,345,4.8,F,alexandria
66,346,3.9,F,alexandria
66,357,4.4,F,alexandria
66,359,4.4,F,alexandria
66,360,4.6,F,alexandria
66,363,4.5,F,alexandria
66,368,4.1,F,alexandria
66,373,4.1,F,alexandria
66,376,4.2,F,alexandria
66,389,3.8,F,alexandria
66,409,4.4,F,hurghada
66,410,4.4,F,hurghada
66,432,4.2,F,hurghada
67,6,4.8,F,cairo
67,8,4.8,F,cairo
67,9,4.7,F,cairo
67,11,4.5,F,cairo
67,13,4.7,F,cairo
67,14,4.6,F,cairo
67,15,4.7,F,cairo
67,16,4.6,F,cairo
67,17,4.6,F,cairo
67,18,4.7,F,cairo
67,21,4.4,F,cairo
67,23,4.6,F,cairo
67,29,4.5,F,cairo
67,30,4.7,F,cairo
67,37,4.5,F,cairo
67,39,4.6,F,cairo
67,41,4.4,F,cairo
67,47,3.9,F,cairo
67,48,4.6,F,cairo
67,49,4.6,F,cairo
67,50,4.5,F,cairo
67,51,4.3,F,cairo
67,52,4.4,F,cairo
67,53,4.1,F,cairo
67,54,4.4,F,cairo
67,55,4.5,F,cairo
67,56,4.3,F,giza
67,57,4.7,F,luxor
67,58,4.5,F,cairo
67,60,4.2,F,cairo
67,61,4.3,F,cairo
67,62,4.6,F,giza
67,63,4.6,F,cairo
67,64,4.6,F,cairo
67,65,4.4,F,cairo
67,66,4.7,F,cairo
67,68,4.5,F,cairo
67,69,4.7,F,cairo
67,70,4.8,F,cairo
67,71,4.3,F,cairo
67,72,4.4,F,cairo
67,73,4.5,F,cairo
67,75,4.4,F,Alexandria
67,76,4.6,F,Alexandria
67,77,3.9,F,cairo
67,78,4.4,F,cairo
67,79,4.6,F,giza
67,81,4.3,F,cairo
67,82,4.3,F,cairo
67,83,3.9,F,cairo
67,132,4.9,F,cairo
67,133,4.7,F,cairo
67,135,4.2,F,cairo
67,138,4.6,F,cairo
67,139,4.8,F,cairo
67,140,4.8,F,cairo
67,141,4.7,F,cairo
67,143,4.7,F,cairo
67,144,4.7,F,cairo
67,145,4.7,F,cairo
67,146,4.6,F,cairo
67,147,4.7,F,cairo
67,148,4.7,F,cairo
67,149,4.6,F,cairo
67,150,4.7,F,cairo
67,151,4.6,F,cairo
67,152,4.6,F,cairo
67,154,4.6,F,cairo
67,155,4.8,F,cairo
67,156,4.5,F,cairo
67,157,4.7,F,cairo
67,158,4.7,F,cairo
67,159,4.7,F,cairo
67,160,4.7,F,cairo
67,161,4.5,F,cairo
67,162,4.7,F,cairo
67,163,4.8,F,cairo
67,164,4.7,F,cairo
67,165,4.7,F,cairo
67,166,4.5,F,cairo
67,167,4.9,F,cairo
67,170,4.7,F,cairo
67,171,4.6,F,cairo
67,172,4.7,F,cairo
67,173,4.5,F,cairo
67,174,4.7,F,cairo
67,175,4.9,F,cairo
67,176,5.0,F,cairo
67,177,4.6,F,cairo
67,179,4.6,F,cairo
67,181,4.6,F,cairo
67,183,4.8,F,cairo
67,185,4.6,F,cairo
67,187,4.8,F,cairo
67,191,4.7,F,cairo
67,192,4.7,F,cairo
67,194,4.8,F,cairo
67,197,4.5,F,cairo
67,198,4.5,F,cairo
67,199,4.5,F,alexandria
67,200,4.6,F,cairo
67,201,4.4,F,cairo
67,202,4.7,F,cairo
67,203,4.6,F,alexandria
67,204,4.3,F,cairo
67,208,4.3,F,cairo
67,213,4.5,F,cairo
67,217,4.7,F,giza
67,218,4.6,F,cairo
67,224,4.6,F,cairo
67,225,4.7,F,cairo
67,227,3.9,F,cairo
67,229,3.9,F,cairo
67,230,4.3,F,cairo
67,233,4.4,F,cairo
67,235,4.5,F,cairo
67,237,4.7,F,cairo
67,239,4.3,F,cairo
67,240,4.5,F,giza
67,245,4.8,F,cairo
67,247,3.8,F,giza
67,248,4.3,F,cairo
67,256,4.7,F,sharm el sheikh
67,267,4.6,F,sharm el sheikh
67,271,4.6,F,sharm el sheikh
67,272,4.8,F,sharm el sheikh
67,280,4.2,F,sharm el sheikh
67,286,3.9,F,sharm el sheikh
67,288,4.7,F,luxor
67,291,4.4,F,luxor
67,301,4.7,F,luxor
67,326,4.0,F,fayoum
67,328,4.1,F,fayoum
67,329,4.7,F,fayoum
67,336,4.6,F,alexandria
67,338,4.4,F,alexandria
67,339,4.6,F,alexandria
67,342,4.3,F,alexandria
67,344,4.5,F,alexandria
67,346,3.9,F,alexandria
67,349,4.7,F,alexandria
67,353,4.5,F,alexandria
67,359,4.4,F,alexandria
67,367,4.6,F,alexandria
67,376,4.2,F,alexandria
67,389,3.8,F,alexandria
67,400,3.6,F,alexandria
67,409,4.4,F,hurghada
67,410,4.4,F,hurghada
67,429,2.5,F,hurghada
67,432,4.2,F,hurghada
68,3,4.4,F,cairo
68,4,4.5,F,cairo
68,11,4.5,F,cairo
68,14,4.6,F,cairo
68,16,4.6,F,cairo
68,17,4.6,F,cairo
68,18,4.7,F,cairo
68,21,4.4,F,cairo
68,26,4.1,F,cairo
68,35,4.3,F,cairo
68,36,3.8,F,cairo
68,41,4.4,F,cairo
68,44,4.4,F,cairo
68,45,4.8,F,cairo
68,47,3.9,F,cairo
68,48,4.6,F,cairo
68,49,4.6,F,cairo
68,50,4.5,F,cairo
68,51,4.3,F,cairo
68,52,4.4,F,cairo
68,53,4.1,F,cairo
68,54,4.4,F,cairo
68,55,4.5,F,cairo
68,56,4.3,F,giza
68,57,4.7,F,luxor
68,58,4.5,F,cairo
68,60,4.2,F,cairo
68,61,4.3,F,cairo
68,62,4.6,F,giza
68,63,4.6,F,cairo
68,64,4.6,F,cairo
68,65,4.4,F,cairo
68,66,4.7,F,cairo
68,68,4.5,F,cairo
68,69,4.7,F,cairo
68,70,4.8,F,cairo
68,71,4.3,F,cairo
68,72,4.4,F,cairo
68,73,4.5,F,cairo
68,75,4.4,F,Alexandria
68,76,4.6,F,Alexandria
68,77,3.9,F,cairo
68,78,4.4,F,cairo
68,81,4.3,F,cairo
68,82,4.3,F,cairo
68,83,3.9,F,cairo
68,84,4.5,F,cairo
68,86,4.2,F,cairo
68,87,4.1,F,cairo
68,88,4.3,F,cairo
68,89,3.8,F,cairo
68,90,4.1,F,cairo
68,91,3.8,F,cairo
68,92,3.9,F,cairo
68,93,4.3,F,cairo
68,94,4.1,F,cairo
68,95,3.7,F,cairo
68,96,3.7,F,cairo
68,97,4.3,F,cairo
68,99,4.4,F,cairo
68,100,4.5,F,cairo
68,102,4.3,F,cairo
68,103,4.2,F,cairo
68,105,4.2,F,cairo
68,106,3.7,F,cairo
68,107,4.0,F,cairo
68,110,3.6,F,cairo
68,112,4.4,F,cairo
68,113,4.4,F,cairo
68,115,4.3,F,cairo
68,116,4.1,F,cairo
68,117,4.2,F,cairo
68,119,4.5,F,cairo
68,121,3.7,F,cairo
68,122,3.9,F,cairo
68,123,3.8,F,cairo
68,124,4.0,F,cairo
68,125,4.0,F,cairo
68,126,4.0,F,cairo
68,127,4.1,F,cairo
68,129,4.3,F,giza
68,204,4.3,F,cairo
68,208,4.3,F,cairo
68,213,4.5,F,cairo
68,217,4.7,F,giza
68,222,4.5,F,giza
68,226,4.1,F,cairo
68,227,3.9,F,cairo
68,229,3.9,F,cairo
68,230,4.3,F,cairo
68,232,4.1,F,giza
68,233,4.4,F,cairo
68,235,4.5,F,cairo
68,237,4.7,F,cairo
68,242,4.5,F,giza
68,248,4.3,F,cairo
68,249,4.1,F,cairo
68,254,3.9,F,sharm el sheikh
68,257,4.1,F,sharm el sheikh
68,258,4.5,F,sharm el sheikh
68,271,4.6,F,sharm el sheikh
68,281,4.0,F,sharm el sheikh
68,285,4.8,F,sharm el sheikh
68,287,4.8,F,sharm el sheikh
68,288,4.7,F,luxor
68,291,4.4,F,luxor
68,300,4.0,F,luxor
68,328,4.1,F,fayoum
68,335,4.3,F,alexandria
68,338,4.4,F,alexandria
68,339,4.6,F,alexandria
68,342,4.3,F,alexandria
68,343,4.2,F,alexandria
68,344,4.5,F,alexandria
68,346,3.9,F,alexandria
68,350,4.1,F,alexandria
68,354,4.6,F,alexandria
68,356,4.6,F,alexandria
68,359,4.4,F,alexandria
68,366,4.5,F,alexandria
68,369,4.0,F,alexandria
68,370,4.2,F,alexandria
68,371,4.0,F,alexandria
68,372,4.3,F,alexandria
68,373,4.1,F,alexandria
68,375,3.7,F,alexandria
68,376,4.2,F,alexandria
68,377,4.0,F,alexandria
68,379,4.3,F,alexandria
68,380,4.3,F,alexandria
68,381,4.4,F,alexandria
68,382,4.4,F,alexandria
68,383,4.3,F,alexandria
68,385,4.4,F,alexandria
68,386,4.3,F,alexandria
68,387,4.2,F,alexandria
68,388,3.9,F,alexandria
68,389,3.8,F,alexandria
68,390,3.8,F,alexandria
68,391,3.6,F,alexandria
68,392,3.8,F,alexandria
68,394,3.8,F,alexandria
68,395,3.7,F,alexandria
68,397,4.3,F,alexandria
68,398,4.0,F,alexandria
68,407,4.4,F,hurghada
68,408,4.6,F,hurghada
68,409,4.4,F,hurghada
68,414,4.5,F,hurghada
68,418,4.3,F,hurghada
68,428,3.8,F,hurghada
69,3,4.4,F,cairo
69,19,4.6,F,cairo
69,28,4.2,F,cairo
69,29,4.5,F,cairo
69,32,4.7,F,cairo
69,59,4.6,F,cairo
69,79,4.6,F,giza
69,85,4.2,F,cairo
69,98,4.5,F,cairo
69,104,4.3,F,cairo
69,108,3.8,F,cairo
69,109,4.2,F,cairo
69,111,4.1,F,cairo
69,114,4.2,F,cairo
69,120,4.3,F,cairo
69,130,3.9,F,cairo
69,177,4.6,F,cairo
69,178,4.7,F,cairo
69,195,4.6,F,cairo
69,205,4.0,F,cairo
69,206,4.2,F,cairo
69,207,4.8,F,cairo
69,209,3.8,F,cairo
69,212,4.7,F,cairo
69,215,4.2,F,cairo
69,218,4.6,F,cairo
69,219,4.2,F,cairo
69,222,4.5,F,giza
69,223,4.2,F,cairo
69,224,4.6,F,cairo
69,234,4.7,F,cairo
69,239,4.3,F,cairo
69,240,4.5,F,giza
69,252,3.8,F,cairo
69,259,4.8,F,sharm el sheikh
69,326,4.0,F,fayoum
69,333,4.5,F,alexandria
69,345,4.8,F,alexandria
69,352,4.5,F,alexandria
69,357,4.4,F,alexandria
69,360,4.6,F,alexandria
69,361,4.4,F,alexandria
69,363,4.5,F,alexandria
69,368,4.1,F,alexandria
69,384,3.9,F,alexandria
69,429,2.5,F,hurghada
70,19,4.6,F,cairo
70,28,4.2,F,cairo
70,32,4.7,F,cairo
70,59,4.6,F,cairo
70,85,4.2,F,cairo
70,98,4.5,F,cairo
70,104,4.3,F,cairo
70,108,3.8,F,cairo
70,109,4.2,F,cairo
70,111,4.1,F,cairo
70,114,4.2,F,cairo
70,120,4.3,F,cairo
70,130,3.9,F,cairo
70,135,4.2,F,cairo
70,178,4.7,F,cairo
70,195,4.6,F,cairo
70,205,4.0,F,cairo
70,206,4.2,F,cairo
70,207,4.8,F,cairo
70,209,3.8,F,cairo
70,212,4.7,F,cairo
70,215,4.2,F,cairo
70,219,4.2,F,cairo
70,223,4.2,F,cairo
70,234,4.7,F,cairo
70,242,4.5,F,giza
70,252,3.8,F,cairo
70,259,4.8,F,sharm el sheikh
70,267,4.6,F,sharm el sheikh
70,280,4.2,F,sharm el sheikh
70,286,3.9,F,sharm el sheikh
70,333,4.5,F,alexandria
70,335,4.3,F,alexandria
70,345,4.8,F,alexandria
70,352,4.5,F,alexandria
70,357,4.4,F,alexandria
70,360,4.6,F,alexandria
70,361,4.4,F,alexandria
70,363,4.5,F,alexandria
70,368,4.1,F,alexandria
70,373,4.1,F,alexandria
70,384,3.9,F,alexandria
70,410,4.4,F,hurghada
70,432,4.2,F,hurghada
71,5,4.6,F,cairo
71,11,4.5,F,cairo
71,12,4.7,F,cairo
71,14,4.6,F,cairo
71,16,4.6,F,cairo
71,17,4.6,F,cairo
71,18,4.7,F,cairo
71,19,4.6,F,cairo
71,20,4.5,F,cairo
71,21,4.4,F,cairo
71,22,4.6,F,cairo
71,24,4.6,F,cairo
71,27,4.6,F,cairo
71,29,4.5,F,cairo
71,31,4.4,F,cairo
71,32,4.7,F,cairo
71,34,4.8,F,giza
71,38,4.7,F,giza
71,40,4.7,F,giza
71,41,4.4,F,cairo
71,42,4.8,F,giza
71,47,3.9,F,cairo
71,48,4.6,F,cairo
71,49,4.6,F,cairo
71,50,4.5,F,cairo
71,51,4.3,F,cairo
71,52,4.4,F,cairo
71,53,4.1,F,cairo
71,54,4.4,F,cairo
71,55,4.5,F,cairo
71,56,4.3,F,giza
71,57,4.7,F,luxor
71,58,4.5,F,cairo
71,60,4.2,F,cairo
71,61,4.3,F,cairo
71,62,4.6,F,giza
71,63,4.6,F,cairo
71,64,4.6,F,cairo
71,65,4.4,F,cairo
71,66,4.7,F,cairo
71,68,4.5,F,cairo
71,69,4.7,F,cairo
71,70,4.8,F,cairo
71,71,4.3,F,cairo
71,72,4.4,F,cairo
71,73,4.5,F,cairo
71,74,4.7,F,cairo
71,75,4.4,F,Alexandria
71,76,4.6,F,Alexandria
71,77,3.9,F,cairo
71,78,4.4,F,cairo
71,79,4.6,F,giza
71,81,4.3,F,cairo
71,82,4.3,F,cairo
71,83,3.9,F,cairo
71,134,4.7,F,cairo
71,135,4.2,F,cairo
71,142,4.7,F,cairo
71,153,4.7,F,cairo
71,168,4.7,F,cairo
71,177,4.6,F,cairo
71,180,4.5,F,cairo
71,182,4.7,F,cairo
71,184,4.6,F,cairo
71,186,4.7,F,cairo
71,193,4.2,F,cairo
71,195,4.6,F,cairo
71,204,4.3,F,cairo
71,207,4.8,F,cairo
71,208,4.3,F,cairo
71,211,4.5,F,giza
71,212,4.7,F,cairo
71,213,4.5,F,cairo
71,217,4.7,F,giza
71,218,4.6,F,cairo
71,221,3.9,F,giza
71,224,4.6,F,cairo
71,227,3.9,F,cairo
71,228,4.5,F,cairo
71,229,3.9,F,cairo
71,230,4.3,F,cairo
71,231,4.6,F,giza
71,233,4.4,F,cairo
71,234,4.7,F,cairo
71,235,4.5,F,cairo
71,237,4.7,F,cairo
71,239,4.3,F,cairo
71,240,4.5,F,giza
71,246,4.5,F,giza
71,248,4.3,F,cairo
71,250,4.4,F,cairo
71,251,4.7,F,cairo
71,253,4.5,F,giza
71,259,4.8,F,sharm el sheikh
71,267,4.6,F,sharm el sheikh
71,271,4.6,F,sharm el sheikh
71,274,4.4,F,sharm el sheikh
71,280,4.2,F,sharm el sheikh
71,286,3.9,F,sharm el sheikh
71,288,4.7,F,luxor
71,290,4.8,F,luxor
71,291,4.4,F,luxor
71,292,4.7,F,luxor
71,293,4.8,F,luxor
71,294,4.8,F,luxor
71,295,4.5,F,luxor
71,296,4.6,F,luxor
71,297,4.9,F,luxor
71,299,4.9,F,luxor
71,302,4.6,F,luxor
71,304,4.8,F,luxor
71,305,4.4,F,luxor
71,307,4.6,F,luxor
71,308,4.5,F,luxor
71,309,4.6,F,luxor
71,310,4.7,F,luxor
71,311,4.9,F,luxor
71,312,4.7,F,luxor
71,314,4.7,F,luxor
71,315,4.8,F,luxor
71,316,4.6,F,luxor
71,320,4.8,F,luxor
71,326,4.0,F,fayoum
71,328,4.1,F,fayoum
71,330,4.2,F,fayoum
71,338,4.4,F,alexandria
71,339,4.6,F,alexandria
71,342,4.3,F,alexandria
71,344,4.5,F,alexandria
71,345,4.8,F,alexandria
71,346,3.9,F,alexandria
71,357,4.4,F,alexandria
71,359,4.4,F,alexandria
71,360,4.6,F,alexandria
71,376,4.2,F,alexandria
71,389,3.8,F,alexandria
71,409,4.4,F,hurghada
71,410,4.4,F,hurghada
71,429,2.5,F,hurghada
71,432,4.2,F,hurghada
72,3,4.4,F,cairo
72,6,4.8,F,cairo
72,8,4.8,F,cairo
72,9,4.7,F,cairo
72,13,4.7,F,cairo
72,15,4.7,F,cairo
72,23,4.6,F,cairo
72,29,4.5,F,cairo
72,30,4.7,F,cairo
72,37,4.5,F,cairo
72,39,4.6,F,cairo
72,79,4.6,F,giza
72,132,4.9,F,cairo
72,133,4.7,F,cairo
72,138,4.6,F,cairo
72,139,4.8,F,cairo
72,140,4.8,F,cairo
72,141,4.7,F,cairo
72,143,4.7,F,cairo
72,144,4.7,F,cairo
72,145,4.7,F,cairo
72,146,4.6,F,cairo
72,147,4.7,F,cairo
72,148,4.7,F,cairo
72,149,4.6,F,cairo
72,150,4.7,F,cairo
72,151,4.6,F,cairo
72,152,4.6,F,cairo
72,154,4.6,F,cairo
72,155,4.8,F,cairo
72,156,4.5,F,cairo
72,157,4.7,F,cairo
72,158,4.7,F,cairo
72,159,4.7,F,cairo
72,160,4.7,F,cairo
72,161,4.5,F,cairo
72,162,4.7,F,cairo
72,163,4.8,F,cairo
72,164,4.7,F,cairo
72,165,4.7,F,cairo
72,166,4.5,F,cairo
72,167,4.9,F,cairo
72,170,4.7,F,cairo
72,171,4.6,F,cairo
72,172,4.7,F,cairo
72,173,4.5,F,cairo
72,174,4.7,F,cairo
72,175,4.9,F,cairo
72,176,5.0,F,cairo
72,177,4.6,F,cairo
72,179,4.6,F,cairo
72,181,4.6,F,cairo
72,183,4.8,F,cairo
72,185,4.6,F,cairo
72,187,4.8,F,cairo
72,191,4.7,F,cairo
72,192,4.7,F,cairo
72,194,4.8,F,cairo
72,197,4.5,F,cairo
72,198,4.5,F,cairo
72,199,4.5,F,alexandria
72,200,4.6,F,cairo
72,201,4.4,F,cairo
72,202,4.7,F,cairo
72,203,4.6,F,alexandria
72,218,4.6,F,cairo
72,222,4.5,F,giza
72,224,4.6,F,cairo
72,225,4.7,F,cairo
72,239,4.3,F,cairo
72,240,4.5,F,giza
72,242,4.5,F,giza
72,245,4.8,F,cairo
72,247,3.8,F,giza
72,256,4.7,F,sharm el sheikh
72,272,4.8,F,sharm el sheikh
72,301,4.7,F,luxor
72,326,4.0,F,fayoum
72,329,4.7,F,fayoum
72,335,4.3,F,alexandria
72,336,4.6,F,alexandria
72,349,4.7,F,alexandria
72,353,4.5,F,alexandria
72,367,4.6,F,alexandria
72,373,4.1,F,alexandria
72,400,3.6,F,alexandria
72,429,2.5,F,hurghada
73,4,4.5,F,cairo
73,5,4.6,F,cairo
73,12,4.7,F,cairo
73,20,4.5,F,cairo
73,22,4.6,F,cairo
73,24,4.6,F,cairo
73,26,4.1,F,cairo
73,27,4.6,F,cairo
73,31,4.4,F,cairo
73,34,4.8,F,giza
73,35,4.3,F,cairo
73,36,3.8,F,cairo
73,38,4.7,F,giza
73,40,4.7,F,giza
73,42,4.8,F,giza
73,44,4.4,F,cairo
73,45,4.8,F,cairo
73,59,4.6,F,cairo
73,74,4.7,F,cairo
73,84,4.5,F,cairo
73,86,4.2,F,cairo
73,87,4.1,F,cairo
73,88,4.3,F,cairo
73,89,3.8,F,cairo
73,90,4.1,F,cairo
73,91,3.8,F,cairo
73,92,3.9,F,cairo
73,93,4.3,F,cairo
73,94,4.1,F,cairo
73,95,3.7,F,cairo
73,96,3.7,F,cairo
73,97,4.3,F,cairo
73,99,4.4,F,cairo
73,100,4.5,F,cairo
73,102,4.3,F,cairo
73,103,4.2,F,cairo
73,105,4.2,F,cairo
73,106,3.7,F,cairo
73,107,4.0,F,cairo
73,110,3.6,F,cairo
73,112,4.4,F,cairo
73,113,4.4,F,cairo
73,115,4.3,F,cairo
73,116,4.1,F,cairo
73,117,4.2,F,cairo
73,119,4.5,F,cairo
73,121,3.7,F,cairo
73,122,3.9,F,cairo
73,123,3.8,F,cairo
73,124,4.0,F,cairo
73,125,4.0,F,cairo
73,126,4.0,F,cairo
73,127,4.1,F,cairo
73,129,4.3,F,giza
73,134,4.7,F,cairo
73,135,4.2,F,cairo
73,142,4.7,F,cairo
73,153,4.7,F,cairo
73,168,4.7,F,cairo
73,178,4.7,F,cairo
73,180,4.5,F,cairo
73,182,4.7,F,cairo
73,184,4.6,F,cairo
73,186,4.7,F,cairo
73,193,4.2,F,cairo
73,205,4.0,F,cairo
73,211,4.5,F,giza
73,214,4.4,F,cairo
73,215,4.2,F,cairo
73,221,3.9,F,giza
73,226,4.1,F,cairo
73,228,4.5,F,cairo
73,231,4.6,F,giza
73,232,4.1,F,giza
73,236,4.4,F,cairo
73,241,3.9,F,giza
73,246,4.5,F,giza
73,249,4.1,F,cairo
73,250,4.4,F,cairo
73,251,4.7,F,cairo
73,253,4.5,F,giza
73,254,3.9,F,sharm el sheikh
73,257,4.1,F,sharm el sheikh
73,258,4.5,F,sharm el sheikh
73,267,4.6,F,sharm el sheikh
73,274,4.4,F,sharm el sheikh
73,280,4.2,F,sharm el sheikh
73,286,3.9,F,sharm el sheikh
73,287,4.8,F,sharm el sheikh
73,290,4.8,F,luxor
73,292,4.7,F,luxor
73,293,4.8,F,luxor
73,294,4.8,F,luxor
73,295,4.5,F,luxor
73,296,4.6,F,luxor
73,297,4.9,F,luxor
73,299,4.9,F,luxor
73,300,4.0,F,luxor
73,302,4.6,F,luxor
73,304,4.8,F,luxor
73,305,4.4,F,luxor
73,307,4.6,F,luxor
73,308,4.5,F,luxor
73,309,4.6,F,luxor
73,310,4.7,F,luxor
73,311,4.9,F,luxor
73,312,4.7,F,luxor
73,314,4.7,F,luxor
73,315,4.8,F,luxor
73,316,4.6,F,luxor
73,320,4.8,F,luxor
73,330,4.2,F,fayoum
73,333,4.5,F,alexandria
73,350,4.1,F,alexandria
73,363,4.5,F,alexandria
73,364,4.4,F,alexandria
73,368,4.1,F,alexandria
73,371,4.0,F,alexandria
73,381,4.4,F,alexandria
73,388,3.9,F,alexandria
73,390,3.8,F,alexandria
73,392,3.8,F,alexandria
73,395,3.7,F,alexandria
73,396,4.3,F,alexandria
73,407,4.4,F,hurghada
73,408,4.6,F,hurghada
73,410,4.4,F,hurghada
73,414,4.5,F,hurghada
73,418,4.3,F,hurghada
73,431,4.7,F,hurghada
73,432,4.2,F,hurghada
74,5,4.6,F,cairo
74,6,4.8,F,cairo
74,8,4.8,F,cairo
74,9,4.7,F,cairo
74,12,4.7,F,cairo
74,13,4.7,F,cairo
74,15,4.7,F,cairo
74,19,4.6,F,cairo
74,20,4.5,F,cairo
74,22,4.6,F,cairo
74,23,4.6,F,cairo
74,24,4.6,F,cairo
74,27,4.6,F,cairo
74,30,4.7,F,cairo
74,31,4.4,F,cairo
74,32,4.7,F,cairo
74,34,4.8,F,giza
74,37,4.5,F,cairo
74,38,4.7,F,giza
74,39,4.6,F,cairo
74,40,4.7,F,giza
74,42,4.8,F,giza
74,74,4.7,F,cairo
74,132,4.9,F,cairo
74,133,4.7,F,cairo
74,134,4.7,F,cairo
74,138,4.6,F,cairo
74,139,4.8,F,cairo
74,140,4.8,F,cairo
74,141,4.7,F,cairo
74,142,4.7,F,cairo
74,143,4.7,F,cairo
74,144,4.7,F,cairo
74,145,4.7,F,cairo
74,146,4.6,F,cairo
74,147,4.7,F,cairo
74,148,4.7,F,cairo
74,149,4.6,F,cairo
74,150,4.7,F,cairo
74,151,4.6,F,cairo
74,152,4.6,F,cairo
74,153,4.7,F,cairo
74,154,4.6,F,cairo
74,155,4.8,F,cairo
74,156,4.5,F,cairo
74,157,4.7,F,cairo
74,158,4.7,F,cairo
74,159,4.7,F,cairo
74,160,4.7,F,cairo
74,161,4.5,F,cairo
74,162,4.7,F,cairo
74,163,4.8,F,cairo
74,164,4.7,F,cairo
74,165,4.7,F,cairo
74,166,4.5,F,cairo
74,167,4.9,F,cairo
74,168,4.7,F,cairo
74,170,4.7,F,cairo
74,171,4.6,F,cairo
74,172,4.7,F,cairo
74,173,4.5,F,cairo
74,174,4.7,F,cairo
74,175,4.9,F,cairo
74,176,5.0,F,cairo
74,179,4.6,F,cairo
74,180,4.5,F,cairo
74,181,4.6,F,cairo
74,182,4.7,F,cairo
74,183,4.8,F,cairo
74,184,4.6,F,cairo
74,185,4.6,F,cairo
74,186,4.7,F,cairo
74,187,4.8,F,cairo
74,191,4.7,F,cairo
74,192,4.7,F,cairo
74,193,4.2,F,cairo
74,194,4.8,F,cairo
74,195,4.6,F,cairo
74,197,4.5,F,cairo
74,198,4.5,F,cairo
74,199,4.5,F,alexandria
74,200,4.6,F,cairo
74,201,4.4,F,cairo
74,202,4.7,F,cairo
74,203,4.6,F,alexandria
74,207,4.8,F,cairo
74,211,4.5,F,giza
74,212,4.7,F,cairo
74,221,3.9,F,giza
74,225,4.7,F,cairo
74,228,4.5,F,cairo
74,231,4.6,F,giza
74,234,4.7,F,cairo
74,242,4.5,F,giza
74,245,4.8,F,cairo
74,246,4.5,F,giza
74,247,3.8,F,giza
74,250,4.4,F,cairo
74,251,4.7,F,cairo
74,253,4.5,F,giza
74,256,4.7,F,sharm el sheikh
74,259,4.8,F,sharm el sheikh
74,272,4.8,F,sharm el sheikh
74,274,4.4,F,sharm el sheikh
74,290,4.8,F,luxor
74,292,4.7,F,luxor
74,293,4.8,F,luxor
74,294,4.8,F,luxor
74,295,4.5,F,luxor
74,296,4.6,F,luxor
74,297,4.9,F,luxor
74,299,4.9,F,luxor
74,301,4.7,F,luxor
74,302,4.6,F,luxor
74,304,4.8,F,luxor
74,305,4.4,F,luxor
74,307,4.6,F,luxor
74,308,4.5,F,luxor
74,309,4.6,F,luxor
74,310,4.7,F,luxor
74,311,4.9,F,luxor
74,312,4.7,F,luxor
74,314,4.7,F,luxor
74,315,4.8,F,luxor
74,316,4.6,F,luxor
74,320,4.8,F,luxor
74,329,4.7,F,fayoum
74,330,4.2,F,fayoum
74,335,4.3,F,alexandria
74,336,4.6,F,alexandria
74,345,4.8,F,alexandria
74,349,4.7,F,alexandria
74,353,4.5,F,alexandria
74,357,4.4,F,alexandria
74,360,4.6,F,alexandria
74,367,4.6,F,alexandria
74,373,4.1,F,alexandria
74,400,3.6,F,alexandria
75,4,4.5,F,cairo
75,19,4.6,F,cairo
75,26,4.1,F,cairo
75,32,4.7,F,cairo
75,35,4.3,F,cairo
75,36,3.8,F,cairo
75,44,4.4,F,cairo
75,45,4.8,F,cairo
75,59,4.6,F,cairo
75,84,4.5,F,cairo
75,86,4.2,F,cairo
75,87,4.1,F,cairo
75,88,4.3,F,cairo
75,89,3.8,F,cairo
75,90,4.1,F,cairo
75,91,3.8,F,cairo
75,92,3.9,F,cairo
75,93,4.3,F,cairo
75,94,4.1,F,cairo
75,95,3.7,F,cairo
75,96,3.7,F,cairo
75,97,4.3,F,cairo
75,99,4.4,F,cairo
75,100,4.5,F,cairo
75,102,4.3,F,cairo
75,103,4.2,F,cairo
75,105,4.2,F,cairo
75,106,3.7,F,cairo
75,107,4.0,F,cairo
75,110,3.6,F,cairo
75,112,4.4,F,cairo
75,113,4.4,F,cairo
75,115,4.3,F,cairo
75,116,4.1,F,cairo
75,117,4.2,F,cairo
75,119,4.5,F,cairo
75,121,3.7,F,cairo
75,122,3.9,F,cairo
75,123,3.8,F,cairo
75,124,4.0,F,cairo
75,125,4.0,F,cairo
75,126,4.0,F,cairo
75,127,4.1,F,cairo
75,129,4.3,F,giza
75,135,4.2,F,cairo
75,178,4.7,F,cairo
75,195,4.6,F,cairo
75,205,4.0,F,cairo
75,207,4.8,F,cairo
75,212,4.7,F,cairo
75,215,4.2,F,cairo
75,226,4.1,F,cairo
75,232,4.1,F,giza
75,234,4.7,F,cairo
75,242,4.5,F,giza
75,249,4.1,F,cairo
75,254,3.9,F,sharm el sheikh
75,257,4.1,F,sharm el sheikh
75,258,4.5,F,sharm el sheikh
75,259,4.8,F,sharm el sheikh
75,267,4.6,F,sharm el sheikh
75,280,4.2,F,sharm el sheikh
75,286,3.9,F,sharm el sheikh
75,287,4.8,F,sharm el sheikh
75,300,4.0,F,luxor
75,333,4.5,F,alexandria
75,335,4.3,F,alexandria
75,345,4.8,F,alexandria
75,350,4.1,F,alexandria
75,357,4.4,F,alexandria
75,360,4.6,F,alexandria
75,363,4.5,F,alexandria
75,368,4.1,F,alexandria
75,371,4.0,F,alexandria
75,373,4.1,F,alexandria
75,381,4.4,F,alexandria
75,388,3.9,F,alexandria
75,390,3.8,F,alexandria
75,392,3.8,F,alexandria
75,395,3.7,F,alexandria
75,407,4.4,F,hurghada
75,408,4.6,F,hurghada
75,410,4.4,F,hurghada
75,414,4.5,F,hurghada
75,418,4.3,F,hurghada
75,432,4.2,F,hurghada
76,3,4.4,F,cairo
76,19,4.6,F,cairo
76,32,4.7,F,cairo
76,59,4.6,F,cairo
76,178,4.7,F,cairo
76,195,4.6,F,cairo
76,205,4.0,F,cairo
76,207,4.8,F,cairo
76,212,4.7,F,cairo
76,215,4.2,F,cairo
76,222,4.5,F,giza
76,234,4.7,F,cairo
76,242,4.5,F,giza
76,247,3.8,F,giza
76,259,4.8,F,sharm el sheikh
76,333,4.5,F,alexandria
76,335,4.3,F,alexandria
76,345,4.8,F,alexandria
76,357,4.4,F,alexandria
76,360,4.6,F,alexandria
76,363,4.5,F,alexandria
76,368,4.1,F,alexandria
76,373,4.1,F,alexandria
76,400,3.6,F,alexandria
77,6,4.8,F,cairo
77,8,4.8,F,cairo
77,9,4.7,F,cairo
77,13,4.7,F,cairo
77,15,4.7,F,cairo
77,19,4.6,F,cairo
77,23,4.6,F,cairo
77,30,4.7,F,cairo
77,32,4.7,F,cairo
77,37,4.5,F,cairo
77,39,4.6,F,cairo
77,132,4.9,F,cairo
77,133,4.7,F,cairo
77,135,4.2,F,cairo
77,138,4.6,F,cairo
77,139,4.8,F,cairo
77,140,4.8,F,cairo
77,141,4.7,F,cairo
77,143,4.7,F,cairo
77,144,4.7,F,cairo
77,145,4.7,F,cairo
77,146,4.6,F,cairo
77,147,4.7,F,cairo
77,148,4.7,F,cairo
77,149,4.6,F,cairo
77,150,4.7,F,cairo
77,151,4.6,F,cairo
77,152,4.6,F,cairo
77,154,4.6,F,cairo
77,155,4.8,F,cairo
77,156,4.5,F,cairo
77,157,4.7,F,cairo
77,158,4.7,F,cairo
77,159,4.7,F,cairo
77,160,4.7,F,cairo
77,161,4.5,F,cairo
77,162,4.7,F,cairo
77,163,4.8,F,cairo
77,164,4.7,F,cairo
77,165,4.7,F,cairo
77,166,4.5,F,cairo
77,167,4.9,F,cairo
77,170,4.7,F,cairo
77,171,4.6,F,cairo
77,172,4.7,F,cairo
77,173,4.5,F,cairo
77,174,4.7,F,cairo
77,175,4.9,F,cairo
77,176,5.0,F,cairo
77,179,4.6,F,cairo
77,181,4.6,F,cairo
77,183,4.8,F,cairo
77,185,4.6,F,cairo
77,187,4.8,F,cairo
77,191,4.7,F,cairo
77,192,4.7,F,cairo
77,194,4.8,F,cairo
77,195,4.6,F,cairo
77,197,4.5,F,cairo
77,198,4.5,F,cairo
77,199,4.5,F,alexandria
77,200,4.6,F,cairo
77,201,4.4,F,cairo
77,202,4.7,F,cairo
77,203,4.6,F,alexandria
77,207,4.8,F,cairo
77,212,4.7,F,cairo
77,214,4.4,F,cairo
77,225,4.7,F,cairo
77,234,4.7,F,cairo
77,236,4.4,F,cairo
77,241,3.9,F,giza
77,245,4.8,F,cairo
77,256,4.7,F,sharm el sheikh
77,259,4.8,F,sharm el sheikh
77,267,4.6,F,sharm el sheikh
77,272,4.8,F,sharm el sheikh
77,280,4.2,F,sharm el sheikh
77,281,4.0,F,sharm el sheikh
77,285,4.8,F,sharm el sheikh
77,286,3.9,F,sharm el sheikh
77,301,4.7,F,luxor
77,329,4.7,F,fayoum
77,336,4.6,F,alexandria
77,343,4.2,F,alexandria
77,345,4.8,F,alexandria
77,349,4.7,F,alexandria
77,353,4.5,F,alexandria
77,354,4.6,F,alexandria
77,356,4.6,F,alexandria
77,357,4.4,F,alexandria
77,360,4.6,F,alexandria
77,364,4.4,F,alexandria
77,366,4.5,F,alexandria
77,367,4.6,F,alexandria
77,369,4.0,F,alexandria
77,370,4.2,F,alexandria
77,372,4.3,F,alexandria
77,375,3.7,F,alexandria
77,377,4.0,F,alexandria
77,379,4.3,F,alexandria
77,380,4.3,F,alexandria
77,382,4.4,F,alexandria
77,383,4.3,F,alexandria
77,385,4.4,F,alexandria
77,386,4.3,F,alexandria
77,387,4.2,F,alexandria
77,391,3.6,F,alexandria
77,394,3.8,F,alexandria
77,396,4.3,F,alexandria
77,397,4.3,F,alexandria
77,398,4.0,F,alexandria
77,410,4.4,F,hurghada
77,428,3.8,F,hurghada
77,431,4.7,F,hurghada
77,432,4.2,F,hurghada
78,29,4.5,F,cairo
78,79,4.6,F,giza
78,135,4.2,F,cairo
78,177,4.6,F,cairo
78,218,4.6,F,cairo
78,224,4.6,F,cairo
78,239,4.3,F,cairo
78,240,4.5,F,giza
78,242,4.5,F,giza
78,247,3.8,F,giza
78,267,4.6,F,sharm el sheikh
78,280,4.2,F,sharm el sheikh
78,281,4.0,F,sharm el sheikh
78,285,4.8,F,sharm el sheikh
78,286,3.9,F,sharm el sheikh
78,326,4.0,F,fayoum
78,335,4.3,F,alexandria
78,343,4.2,F,alexandria
78,354,4.6,F,alexandria
78,356,4.6,F,alexandria
78,366,4.5,F,alexandria
78,369,4.0,F,alexandria
78,370,4.2,F,alexandria
78,372,4.3,F,alexandria
78,373,4.1,F,alexandria
78,375,3.7,F,alexandria
78,377,4.0,F,alexandria
78,379,4.3,F,alexandria
78,380,4.3,F,alexandria
78,382,4.4,F,alexandria
78,383,4.3,F,alexandria
78,385,4.4,F,alexandria
78,386,4.3,F,alexandria
78,387,4.2,F,alexandria
78,391,3.6,F,alexandria
78,394,3.8,F,alexandria
78,397,4.3,F,alexandria
78,398,4.0,F,alexandria
78,400,3.6,F,alexandria
78,410,4.4,F,hurghada
78,428,3.8,F,hurghada
78,429,2.5,F,hurghada
78,432,4.2,F,hurghada
79,3,4.4,F,cairo
79,11,4.5,F,cairo
79,14,4.6,F,cairo
79,16,4.6,F,cairo
79,17,4.6,F,cairo
79,18,4.7,F,cairo
79,21,4.4,F,cairo
79,29,4.5,F,cairo
79,41,4.4,F,cairo
79,47,3.9,F,cairo
79,48,4.6,F,cairo
79,49,4.6,F,cairo
79,50,4.5,F,cairo
79,51,4.3,F,cairo
79,52,4.4,F,cairo
79,53,4.1,F,cairo
79,54,4.4,F,cairo
79,55,4.5,F,cairo
79,56,4.3,F,giza
79,57,4.7,F,luxor
79,58,4.5,F,cairo
79,60,4.2,F,cairo
79,61,4.3,F,cairo
79,62,4.6,F,giza
79,63,4.6,F,cairo
79,64,4.6,F,cairo
79,65,4.4,F,cairo
79,66,4.7,F,cairo
79,68,4.5,F,cairo
79,69,4.7,F,cairo
79,70,4.8,F,cairo
79,71,4.3,F,cairo
79,72,4.4,F,cairo
79,73,4.5,F,cairo
79,75,4.4,F,Alexandria
79,76,4.6,F,Alexandria
79,77,3.9,F,cairo
79,78,4.4,F,cairo
79,79,4.6,F,giza
79,81,4.3,F,cairo
79,82,4.3,F,cairo
79,83,3.9,F,cairo
79,177,4.6,F,cairo
79,204,4.3,F,cairo
79,208,4.3,F,cairo
79,213,4.5,F,cairo
79,217,4.7,F,giza
79,218,4.6,F,cairo
79,222,4.5,F,giza
79,224,4.6,F,cairo
79,227,3.9,F,cairo
79,229,3.9,F,cairo
79,230,4.3,F,cairo
79,233,4.4,F,cairo
79,235,4.5,F,cairo
79,237,4.7,F,cairo
79,239,4.3,F,cairo
79,240,4.5,F,giza
79,247,3.8,F,giza
79,248,4.3,F,cairo
79,271,4.6,F,sharm el sheikh
79,281,4.0,F,sharm el sheikh
79,285,4.8,F,sharm el sheikh
79,288,4.7,F,luxor
79,291,4.4,F,luxor
79,326,4.0,F,fayoum
79,328,4.1,F,fayoum
79,338,4.4,F,alexandria
79,339,4.6,F,alexandria
79,342,4.3,F,alexandria
79,343,4.2,F,alexandria
79,344,4.5,F,alexandria
79,346,3.9,F,alexandria
79,354,4.6,F,alexandria
79,356,4.6,F,alexandria
79,359,4.4,F,alexandria
79,366,4.5,F,alexandria
79,369,4.0,F,alexandria
79,370,4.2,F,alexandria
79,372,4.3,F,alexandria
79,375,3.7,F,alexandria
79,376,4.2,F,alexandria
79,377,4.0,F,alexandria
79,379,4.3,F,alexandria
79,380,4.3,F,alexandria
79,382,4.4,F,alexandria
79,383,4.3,F,alexandria
79,385,4.4,F,alexandria
79,386,4.3,F,alexandria
79,387,4.2,F,alexandria
79,389,3.8,F,alexandria
79,391,3.6,F,alexandria
79,394,3.8,F,alexandria
79,397,4.3,F,alexandria
79,398,4.0,F,alexandria
79,400,3.6,F,alexandria
79,409,4.4,F,hurghada
79,428,3.8,F,hurghada
79,429,2.5,F,hurghada
80,3,4.4,F,cairo
80,19,4.6,F,cairo
80,32,4.7,F,cairo
80,195,4.6,F,cairo
80,207,4.8,F,cairo
80,212,4.7,F,cairo
80,222,4.5,F,giza
80,234,4.7,F,cairo
80,242,4.5,F,giza
80,247,3.8,F,giza
80,259,4.8,F,sharm el sheikh
80,281,4.0,F,sharm el sheikh
80,285,4.8,F,sharm el sheikh
80,335,4.3,F,alexandria
80,343,4.2,F,alexandria
80,345,4.8,F,alexandria
80,354,4.6,F,alexandria
80,356,4.6,F,alexandria
80,357,4.4,F,alexandria
80,360,4.6,F,alexandria
80,366,4.5,F,alexandria
80,369,4.0,F,alexandria
80,370,4.2,F,alexandria
80,372,4.3,F,alexandria
80,373,4.1,F,alexandria
80,375,3.7,F,alexandria
80,377,4.0,F,alexandria
80,379,4.3,F,alexandria
80,380,4.3,F,alexandria
80,382,4.4,F,alexandria
80,383,4.3,F,alexandria
80,385,4.4,F,alexandria
80,386,4.3,F,alexandria
80,387,4.2,F,alexandria
80,391,3.6,F,alexandria
80,394,3.8,F,alexandria
80,397,4.3,F,alexandria
80,398,4.0,F,alexandria
80,400,3.6,F,alexandria
80,428,3.8,F,hurghada
81,4,4.5,F,cairo
81,6,4.8,F,cairo
81,8,4.8,F,cairo
81,9,4.7,F,cairo
81,13,4.7,F,cairo
81,15,4.7,F,cairo
81,23,4.6,F,cairo
81,26,4.1,F,cairo
81,28,4.2,F,cairo
81,29,4.5,F,cairo
81,30,4.7,F,cairo
81,35,4.3,F,cairo
81,36,3.8,F,cairo
81,37,4.5,F,cairo
81,39,4.6,F,cairo
81,44,4.4,F,cairo
81,45,4.8,F,cairo
81,59,4.6,F,cairo
81,79,4.6,F,giza
81,84,4.5,F,cairo
81,85,4.2,F,cairo
81,86,4.2,F,cairo
81,87,4.1,F,cairo
81,88,4.3,F,cairo
81,89,3.8,F,cairo
81,90,4.1,F,cairo
81,91,3.8,F,cairo
81,92,3.9,F,cairo
81,93,4.3,F,cairo
81,94,4.1,F,cairo
81,95,3.7,F,cairo
81,96,3.7,F,cairo
81,97,4.3,F,cairo
81,98,4.5,F,cairo
81,99,4.4,F,cairo
81,100,4.5,F,cairo
81,102,4.3,F,cairo
81,103,4.2,F,cairo
81,104,4.3,F,cairo
81,105,4.2,F,cairo
81,106,3.7,F,cairo
81,107,4.0,F,cairo
81,108,3.8,F,cairo
81,109,4.2,F,cairo
81,110,3.6,F,cairo
81,111,4.1,F,cairo
81,112,4.4,F,cairo
81,113,4.4,F,cairo
81,114,4.2,F,cairo
81,115,4.3,F,cairo
81,116,4.1,F,cairo
81,117,4.2,F,cairo
81,119,4.5,F,cairo
81,120,4.3,F,cairo
81,121,3.7,F,cairo
81,122,3.9,F,cairo
81,123,3.8,F,cairo
81,124,4.0,F,cairo
81,125,4.0,F,cairo
81,126,4.0,F,cairo
81,127,4.1,F,cairo
81,129,4.3,F,giza
81,130,3.9,F,cairo
81,132,4.9,F,cairo
81,133,4.7,F,cairo
81,138,4.6,F,cairo
81,139,4.8,F,cairo
81,140,4.8,F,cairo
81,141,4.7,F,cairo
81,143,4.7,F,cairo
81,144,4.7,F,cairo
81,145,4.7,F,cairo
81,146,4.6,F,cairo
81,147,4.7,F,cairo
81,148,4.7,F,cairo
81,149,4.6,F,cairo
81,150,4.7,F,cairo
81,151,4.6,F,cairo
81,152,4.6,F,cairo
81,154,4.6,F,cairo
81,155,4.8,F,cairo
81,156,4.5,F,cairo
81,157,4.7,F,cairo
81,158,4.7,F,cairo
81,159,4.7,F,cairo
81,160,4.7,F,cairo
81,161,4.5,F,cairo
81,162,4.7,F,cairo
81,163,4.8,F,cairo
81,164,4.7,F,cairo
81,165,4.7,F,cairo
81,166,4.5,F,cairo
81,167,4.9,F,cairo
81,170,4.7,F,cairo
81,171,4.6,F,cairo
81,172,4.7,F,cairo
81,173,4.5,F,cairo
81,174,4.7,F,cairo
81,175,4.9,F,cairo
81,176,5.0,F,cairo
81,177,4.6,F,cairo
81,178,4.7,F,cairo
81,179,4.6,F,cairo
81,181,4.6,F,cairo
81,183,4.8,F,cairo
81,185,4.6,F,cairo
81,187,4.8,F,cairo
81,191,4.7,F,cairo
81,192,4.7,F,cairo
81,194,4.8,F,cairo
81,197,4.5,F,cairo
81,198,4.5,F,cairo
81,199,4.5,F,alexandria
81,200,4.6,F,cairo
81,201,4.4,F,cairo
81,202,4.7,F,cairo
81,203,4.6,F,alexandria
81,205,4.0,F,cairo
81,206,4.2,F,cairo
81,209,3.8,F,cairo
81,215,4.2,F,cairo
81,218,4.6,F,cairo
81,219,4.2,F,cairo
81,223,4.2,F,cairo
81,224,4.6,F,cairo
81,225,4.7,F,cairo
81,226,4.1,F,cairo
81,232,4.1,F,giza
81,239,4.3,F,cairo
81,240,4.5,F,giza
81,245,4.8,F,cairo
81,249,4.1,F,cairo
81,252,3.8,F,cairo
81,254,3.9,F,sharm el sheikh
81,256,4.7,F,sharm el sheikh
81,257,4.1,F,sharm el sheikh
81,258,4.5,F,sharm el sheikh
81,272,4.8,F,sharm el sheikh
81,287,4.8,F,sharm el sheikh
81,300,4.0,F,luxor
81,301,4.7,F,luxor
81,326,4.0,F,fayoum
81,329,4.7,F,fayoum
81,333,4.5,F,alexandria
81,336,4.6,F,alexandria
81,349,4.7,F,alexandria
81,350,4.1,F,alexandria
81,352,4.5,F,alexandria
81,353,4.5,F,alexandria
81,361,4.4,F,alexandria
81,363,4.5,F,alexandria
81,367,4.6,F,alexandria
81,368,4.1,F,alexandria
81,371,4.0,F,alexandria
81,381,4.4,F,alexandria
81,384,3.9,F,alexandria
81,388,3.9,F,alexandria
81,390,3.8,F,alexandria
81,392,3.8,F,alexandria
81,395,3.7,F,alexandria
81,407,4.4,F,hurghada
81,408,4.6,F,hurghada
81,414,4.5,F,hurghada
81,418,4.3,F,hurghada
81,429,2.5,F,hurghada
82,5,4.6,F,cairo
82,12,4.7,F,cairo
82,20,4.5,F,cairo
82,22,4.6,F,cairo
82,24,4.6,F,cairo
82,27,4.6,F,cairo
82,29,4.5,F,cairo
82,31,4.4,F,cairo
82,34,4.8,F,giza
82,38,4.7,F,giza
82,40,4.7,F,giza
82,42,4.8,F,giza
82,59,4.6,F,cairo
82,74,4.7,F,cairo
82,79,4.6,F,giza
82,134,4.7,F,cairo
82,142,4.7,F,cairo
82,153,4.7,F,cairo
82,168,4.7,F,cairo
82,177,4.6,F,cairo
82,178,4.7,F,cairo
82,180,4.5,F,cairo
82,182,4.7,F,cairo
82,184,4.6,F,cairo
82,186,4.7,F,cairo
82,193,4.2,F,cairo
82,205,4.0,F,cairo
82,211,4.5,F,giza
82,214,4.4,F,cairo
82,215,4.2,F,cairo
82,218,4.6,F,cairo
82,221,3.9,F,giza
82,224,4.6,F,cairo
82,228,4.5,F,cairo
82,231,4.6,F,giza
82,236,4.4,F,cairo
82,239,4.3,F,cairo
82,240,4.5,F,giza
82,241,3.9,F,giza
82,246,4.5,F,giza
82,247,3.8,F,giza
82,250,4.4,F,cairo
82,251,4.7,F,cairo
82,253,4.5,F,giza
82,274,4.4,F,sharm el sheikh
82,290,4.8,F,luxor
82,292,4.7,F,luxor
82,293,4.8,F,luxor
82,294,4.8,F,luxor
82,295,4.5,F,luxor
82,296,4.6,F,luxor
82,297,4.9,F,luxor
82,299,4.9,F,luxor
82,302,4.6,F,luxor
82,304,4.8,F,luxor
82,305,4.4,F,luxor
82,307,4.6,F,luxor
82,308,4.5,F,luxor
82,309,4.6,F,luxor
82,310,4.7,F,luxor
82,311,4.9,F,luxor
82,312,4.7,F,luxor
82,314,4.7,F,luxor
82,315,4.8,F,luxor
82,316,4.6,F,luxor
82,320,4.8,F,luxor
82,326,4.0,F,fayoum
82,330,4.2,F,fayoum
82,333,4.5,F,alexandria
82,363,4.5,F,alexandria
82,364,4.4,F,alexandria
82,368,4.1,F,alexandria
82,396,4.3,F,alexandria
82,400,3.6,F,alexandria
82,429,2.5,F,hurghada
82,431,4.7,F,hurghada
83,3,4.4,F,cairo
83,11,4.5,F,cairo
83,14,4.6,F,cairo
83,16,4.6,F,cairo
83,17,4.6,F,cairo
83,18,4.7,F,cairo
83,21,4.4,F,cairo
83,41,4.4,F,cairo
83,47,3.9,F,cairo
83,48,4.6,F,cairo
83,49,4.6,F,cairo
83,50,4.5,F,cairo
83,51,4.3,F,cairo
83,52,4.4,F,cairo
83,53,4.1,F,cairo
83,54,4.4,F,cairo
83,55,4.5,F,cairo
83,56,4.3,F,giza
83,57,4.7,F,luxor
83,58,4.5,F,cairo
83,60,4.2,F,cairo
83,61,4.3,F,cairo
83,62,4.6,F,giza
83,63,4.6,F,cairo
83,64,4.6,F,cairo
83,65,4.4,F,cairo
83,66,4.7,F,cairo
83,68,4.5,F,cairo
83,69,4.7,F,cairo
83,70,4.8,F,cairo
83,71,4.3,F,cairo
83,72,4.4,F,cairo
83,73,4.5,F,cairo
83,75,4.4,F,Alexandria
83,76,4.6,F,Alexandria
83,77,3.9,F,cairo
83,78,4.4,F,cairo
83,81,4.3,F,cairo
83,82,4.3,F,cairo
83,83,3.9,F,cairo
83,135,4.2,F,cairo
83,204,4.3,F,cairo
83,208,4.3,F,cairo
83,213,4.5,F,cairo
83,217,4.7,F,giza
83,222,4.5,F,giza
83,227,3.9,F,cairo
83,229,3.9,F,cairo
83,230,4.3,F,cairo
83,233,4.4,F,cairo
83,235,4.5,F,cairo
83,237,4.7,F,cairo
83,242,4.5,F,giza
83,248,4.3,F,cairo
83,267,4.6,F,sharm el sheikh
83,271,4.6,F,sharm el sheikh
83,280,4.2,F,sharm el sheikh
83,281,4.0,F,sharm el sheikh
83,285,4.8,F,sharm el sheikh
83,286,3.9,F,sharm el sheikh
83,288,4.7,F,luxor
83,291,4.4,F,luxor
83,328,4.1,F,fayoum
83,335,4.3,F,alexandria
83,338,4.4,F,alexandria
83,339,4.6,F,alexandria
83,342,4.3,F,alexandria
83,343,4.2,F,alexandria
83,344,4.5,F,alexandria
83,346,3.9,F,alexandria
83,354,4.6,F,alexandria
83,356,4.6,F,alexandria
83,359,4.4,F,alexandria
83,366,4.5,F,alexandria
83,369,4.0,F,alexandria
83,370,4.2,F,alexandria
83,372,4.3,F,alexandria
83,373,4.1,F,alexandria
83,375,3.7,F,alexandria
83,376,4.2,F,alexandria
83,377,4.0,F,alexandria
83,379,4.3,F,alexandria
83,380,4.3,F,alexandria
83,382,4.4,F,alexandria
83,383,4.3,F,alexandria
83,385,4.4,F,alexandria
83,386,4.3,F,alexandria
83,387,4.2,F,alexandria
83,389,3.8,F,alexandria
83,391,3.6,F,alexandria
83,394,3.8,F,alexandria
83,397,4.3,F,alexandria
83,398,4.0,F,alexandria
83,409,4.4,F,hurghada
83,410,4.4,F,hurghada
83,428,3.8,F,hurghada
83,432,4.2,F,hurghada
84,28,4.2,F,cairo
84,29,4.5,F,cairo
84,59,4.6,F,cairo
84,79,4.6,F,giza
84,85,4.2,F,cairo
84,98,4.5,F,cairo
84,104,4.3,F,cairo
84,108,3.8,F,cairo
84,109,4.2,F,cairo
84,111,4.1,F,cairo
84,114,4.2,F,cairo
84,120,4.3,F,cairo
84,130,3.9,F,cairo
84,135,4.2,F,cairo
84,177,4.6,F,cairo
84,178,4.7,F,cairo
84,205,4.0,F,cairo
84,206,4.2,F,cairo
84,209,3.8,F,cairo
84,215,4.2,F,cairo
84,218,4.6,F,cairo
84,219,4.2,F,cairo
84,223,4.2,F,cairo
84,224,4.6,F,cairo
84,239,4.3,F,cairo
84,240,4.5,F,giza
84,247,3.8,F,giza
84,252,3.8,F,cairo
84,267,4.6,F,sharm el sheikh
84,280,4.2,F,sharm el sheikh
84,286,3.9,F,sharm el sheikh
84,326,4.0,F,fayoum
84,333,4.5,F,alexandria
84,352,4.5,F,alexandria
84,361,4.4,F,alexandria
84,363,4.5,F,alexandria
84,368,4.1,F,alexandria
84,384,3.9,F,alexandria
84,400,3.6,F,alexandria
84,410,4.4,F,hurghada
84,429,2.5,F,hurghada
84,432,4.2,F,hurghada
85,3,4.4,F,cairo
85,5,4.6,F,cairo
85,12,4.7,F,cairo
85,19,4.6,F,cairo
85,20,4.5,F,cairo
85,22,4.6,F,cairo
85,24,4.6,F,cairo
85,27,4.6,F,cairo
85,31,4.4,F,cairo
85,32,4.7,F,cairo
85,34,4.8,F,giza
85,38,4.7,F,giza
85,40,4.7,F,giza
85,42,4.8,F,giza
85,74,4.7,F,cairo
85,134,4.7,F,cairo
85,135,4.2,F,cairo
85,142,4.7,F,cairo
85,153,4.7,F,cairo
85,168,4.7,F,cairo
85,180,4.5,F,cairo
85,182,4.7,F,cairo
85,184,4.6,F,cairo
85,186,4.7,F,cairo
85,193,4.2,F,cairo
85,195,4.6,F,cairo
85,207,4.8,F,cairo
85,211,4.5,F,giza
85,212,4.7,F,cairo
85,221,3.9,F,giza
85,222,4.5,F,giza
85,228,4.5,F,cairo
85,231,4.6,F,giza
85,234,4.7,F,cairo
85,246,4.5,F,giza
85,247,3.8,F,giza
85,250,4.4,F,cairo
85,251,4.7,F,cairo
85,253,4.5,F,giza
85,259,4.8,F,sharm el sheikh
85,267,4.6,F,sharm el sheikh
85,274,4.4,F,sharm el sheikh
85,280,4.2,F,sharm el sheikh
85,286,3.9,F,sharm el sheikh
85,290,4.8,F,luxor
85,292,4.7,F,luxor
85,293,4.8,F,luxor
85,294,4.8,F,luxor
85,295,4.5,F,luxor
85,296,4.6,F,luxor
85,297,4.9,F,luxor
85,299,4.9,F,luxor
85,302,4.6,F,luxor
85,304,4.8,F,luxor
85,305,4.4,F,luxor
85,307,4.6,F,luxor
85,308,4.5,F,luxor
85,309,4.6,F,luxor
85,310,4.7,F,luxor
85,311,4.9,F,luxor
85,312,4.7,F,luxor
85,314,4.7,F,luxor
85,315,4.8,F,luxor
85,316,4.6,F,luxor
85,320,4.8,F,luxor
85,330,4.2,F,fayoum
85,345,4.8,F,alexandria
85,357,4.4,F,alexandria
85,360,4.6,F,alexandria
85,400,3.6,F,alexandria
85,410,4.4,F,hurghada
85,432,4.2,F,hurghada
86,5,4.6,F,cairo
86,6,4.8,F,cairo
86,8,4.8,F,cairo
86,9,4.7,F,cairo
86,12,4.7,F,cairo
86,13,4.7,F,cairo
86,15,4.7,F,cairo
86,20,4.5,F,cairo
86,22,4.6,F,cairo
86,23,4.6,F,cairo
86,24,4.6,F,cairo
86,27,4.6,F,cairo
86,30,4.7,F,cairo
86,31,4.4,F,cairo
86,34,4.8,F,giza
86,37,4.5,F,cairo
86,38,4.7,F,giza
86,39,4.6,F,cairo
86,40,4.7,F,giza
86,42,4.8,F,giza
86,59,4.6,F,cairo
86,74,4.7,F,cairo
86,132,4.9,F,cairo
86,133,4.7,F,cairo
86,134,4.7,F,cairo
86,138,4.6,F,cairo
86,139,4.8,F,cairo
86,140,4.8,F,cairo
86,141,4.7,F,cairo
86,142,4.7,F,cairo
86,143,4.7,F,cairo
86,144,4.7,F,cairo
86,145,4.7,F,cairo
86,146,4.6,F,cairo
86,147,4.7,F,cairo
86,148,4.7,F,cairo
86,149,4.6,F,cairo
86,150,4.7,F,cairo
86,151,4.6,F,cairo
86,152,4.6,F,cairo
86,153,4.7,F,cairo
86,154,4.6,F,cairo
86,155,4.8,F,cairo
86,156,4.5,F,cairo
86,157,4.7,F,cairo
86,158,4.7,F,cairo
86,159,4.7,F,cairo
86,160,4.7,F,cairo
86,161,4.5,F,cairo
86,162,4.7,F,cairo
86,163,4.8,F,cairo
86,164,4.7,F,cairo
86,165,4.7,F,cairo
86,166,4.5,F,cairo
86,167,4.9,F,cairo
86,168,4.7,F,cairo
86,170,4.7,F,cairo
86,171,4.6,F,cairo
86,172,4.7,F,cairo
86,173,4.5,F,cairo
86,174,4.7,F,cairo
86,175,4.9,F,cairo
86,176,5.0,F,cairo
86,178,4.7,F,cairo
86,179,4.6,F,cairo
86,180,4.5,F,cairo
86,181,4.6,F,cairo
86,182,4.7,F,cairo
86,183,4.8,F,cairo
86,184,4.6,F,cairo
86,185,4.6,F,cairo
86,186,4.7,F,cairo
86,187,4.8,F,cairo
86,191,4.7,F,cairo
86,192,4.7,F,cairo
86,193,4.2,F,cairo
86,194,4.8,F,cairo
86,197,4.5,F,cairo
86,198,4.5,F,cairo
86,199,4.5,F,alexandria
86,200,4.6,F,cairo
86,201,4.4,F,cairo
86,202,4.7,F,cairo
86,203,4.6,F,alexandria
86,205,4.0,F,cairo
86,211,4.5,F,giza
86,215,4.2,F,cairo
86,221,3.9,F,giza
86,225,4.7,F,cairo
86,228,4.5,F,cairo
86,231,4.6,F,giza
86,242,4.5,F,giza
86,245,4.8,F,cairo
86,246,4.5,F,giza
86,247,3.8,F,giza
86,250,4.4,F,cairo
86,251,4.7,F,cairo
86,253,4.5,F,giza
86,256,4.7,F,sharm el sheikh
86,272,4.8,F,sharm el sheikh
86,274,4.4,F,sharm el sheikh
86,290,4.8,F,luxor
86,292,4.7,F,luxor
86,293,4.8,F,luxor
86,294,4.8,F,luxor
86,295,4.5,F,luxor
86,296,4.6,F,luxor
86,297,4.9,F,luxor
86,299,4.9,F,luxor
86,301,4.7,F,luxor
86,302,4.6,F,luxor
86,304,4.8,F,luxor
86,305,4.4,F,luxor
86,307,4.6,F,luxor
86,308,4.5,F,luxor
86,309,4.6,F,luxor
86,310,4.7,F,luxor
86,311,4.9,F,luxor
86,312,4.7,F,luxor
86,314,4.7,F,luxor
86,315,4.8,F,luxor
86,316,4.6,F,luxor
86,320,4.8,F,luxor
86,329,4.7,F,fayoum
86,330,4.2,F,fayoum
86,333,4.5,F,alexandria
86,335,4.3,F,alexandria
86,336,4.6,F,alexandria
86,349,4.7,F,alexandria
86,353,4.5,F,alexandria
86,363,4.5,F,alexandria
86,367,4.6,F,alexandria
86,368,4.1,F,alexandria
86,373,4.1,F,alexandria
86,400,3.6,F,alexandria
87,59,4.6,F,cairo
87,135,4.2,F,cairo
87,178,4.7,F,cairo
87,205,4.0,F,cairo
87,214,4.4,F,cairo
87,215,4.2,F,cairo
87,236,4.4,F,cairo
87,241,3.9,F,giza
87,247,3.8,F,giza
87,267,4.6,F,sharm el sheikh
87,280,4.2,F,sharm el sheikh
87,281,4.0,F,sharm el sheikh
87,285,4.8,F,sharm el sheikh
87,286,3.9,F,sharm el sheikh
87,333,4.5,F,alexandria
87,343,4.2,F,alexandria
87,354,4.6,F,alexandria
87,356,4.6,F,alexandria
87,363,4.5,F,alexandria
87,364,4.4,F,alexandria
87,366,4.5,F,alexandria
87,368,4.1,F,alexandria
87,369,4.0,F,alexandria
87,370,4.2,F,alexandria
87,372,4.3,F,alexandria
87,375,3.7,F,alexandria
87,377,4.0,F,alexandria
87,379,4.3,F,alexandria
87,380,4.3,F,alexandria
87,382,4.4,F,alexandria
87,383,4.3,F,alexandria
87,385,4.4,F,alexandria
87,386,4.3,F,alexandria
87,387,4.2,F,alexandria
87,391,3.6,F,alexandria
87,394,3.8,F,alexandria
87,396,4.3,F,alexandria
87,397,4.3,F,alexandria
87,398,4.0,F,alexandria
87,400,3.6,F,alexandria
87,410,4.4,F,hurghada
87,428,3.8,F,hurghada
87,431,4.7,F,hurghada
87,432,4.2,F,hurghada
88,5,4.6,F,cairo
88,6,4.8,F,cairo
88,8,4.8,F,cairo
88,9,4.7,F,cairo
88,12,4.7,F,cairo
88,13,4.7,F,cairo
88,15,4.7,F,cairo
88,19,4.6,F,cairo
88,20,4.5,F,cairo
88,22,4.6,F,cairo
88,23,4.6,F,cairo
88,24,4.6,F,cairo
88,27,4.6,F,cairo
88,30,4.7,F,cairo
88,31,4.4,F,cairo
88,32,4.7,F,cairo
88,34,4.8,F,giza
88,37,4.5,F,cairo
88,38,4.7,F,giza
88,39,4.6,F,cairo
88,40,4.7,F,giza
88,42,4.8,F,giza
88,74,4.7,F,cairo
88,132,4.9,F,cairo
88,133,4.7,F,cairo
88,134,4.7,F,cairo
88,135,4.2,F,cairo
88,138,4.6,F,cairo
88,139,4.8,F,cairo
88,140,4.8,F,cairo
88,141,4.7,F,cairo
88,142,4.7,F,cairo
88,143,4.7,F,cairo
88,144,4.7,F,cairo
88,145,4.7,F,cairo
88,146,4.6,F,cairo
88,147,4.7,F,cairo
88,148,4.7,F,cairo
88,149,4.6,F,cairo
88,150,4.7,F,cairo
88,151,4.6,F,cairo
88,152,4.6,F,cairo
88,153,4.7,F,cairo
88,154,4.6,F,cairo
88,155,4.8,F,cairo
88,156,4.5,F,cairo
88,157,4.7,F,cairo
88,158,4.7,F,cairo
88,159,4.7,F,cairo
88,160,4.7,F,cairo
88,161,4.5,F,cairo
88,162,4.7,F,cairo
88,163,4.8,F,cairo
88,164,4.7,F,cairo
88,165,4.7,F,cairo
88,166,4.5,F,cairo
88,167,4.9,F,cairo
88,168,4.7,F,cairo
88,170,4.7,F,cairo
88,171,4.6,F,cairo
88,172,4.7,F,cairo
88,173,4.5,F,cairo
88,174,4.7,F,cairo
88,175,4.9,F,cairo
88,176,5.0,F,cairo
88,179,4.6,F,cairo
88,180,4.5,F,cairo
88,181,4.6,F,cairo
88,182,4.7,F,cairo
88,183,4.8,F,cairo
88,184,4.6,F,cairo
88,185,4.6,F,cairo
88,186,4.7,F,cairo
88,187,4.8,F,cairo
88,191,4.7,F,cairo
88,192,4.7,F,cairo
88,193,4.2,F,cairo
88,194,4.8,F,cairo
88,195,4.6,F,cairo
88,197,4.5,F,cairo
88,198,4.5,F,cairo
88,199,4.5,F,alexandria
88,200,4.6,F,cairo
88,201,4.4,F,cairo
88,202,4.7,F,cairo
88,203,4.6,F,alexandria
88,207,4.8,F,cairo
88,211,4.5,F,giza
88,212,4.7,F,cairo
88,214,4.4,F,cairo
88,221,3.9,F,giza
88,225,4.7,F,cairo
88,228,4.5,F,cairo
88,231,4.6,F,giza
88,234,4.7,F,cairo
88,236,4.4,F,cairo
88,241,3.9,F,giza
88,245,4.8,F,cairo
88,246,4.5,F,giza
88,250,4.4,F,cairo
88,251,4.7,F,cairo
88,253,4.5,F,giza
88,256,4.7,F,sharm el sheikh
88,259,4.8,F,sharm el sheikh
88,267,4.6,F,sharm el sheikh
88,272,4.8,F,sharm el sheikh
88,274,4.4,F,sharm el sheikh
88,280,4.2,F,sharm el sheikh
88,286,3.9,F,sharm el sheikh
88,290,4.8,F,luxor
88,292,4.7,F,luxor
88,293,4.8,F,luxor
88,294,4.8,F,luxor
88,295,4.5,F,luxor
88,296,4.6,F,luxor
88,297,4.9,F,luxor
88,299,4.9,F,luxor
88,301,4.7,F,luxor
88,302,4.6,F,luxor
88,304,4.8,F,luxor
88,305,4.4,F,luxor
88,307,4.6,F,luxor
88,308,4.5,F,luxor
88,309,4.6,F,luxor
88,310,4.7,F,luxor
88,311,4.9,F,luxor
88,312,4.7,F,luxor
88,314,4.7,F,luxor
88,315,4.8,F,luxor
88,316,4.6,F,luxor
88,320,4.8,F,luxor
88,329,4.7,F,fayoum
88,330,4.2,F,fayoum
88,336,4.6,F,alexandria
88,345,4.8,F,alexandria
88,349,4.7,F,alexandria
88,353,4.5,F,alexandria
88,357,4.4,F,alexandria
88,360,4.6,F,alexandria
88,364,4.4,F,alexandria
88,367,4.6,F,alexandria
88,396,4.3,F,alexandria
88,410,4.4,F,hurghada
88,431,4.7,F,hurghada
88,432,4.2,F,hurghada
89,3,4.4,F,cairo
89,29,4.5,F,cairo
89,59,4.6,F,cairo
89,79,4.6,F,giza
89,177,4.6,F,cairo
89,178,4.7,F,cairo
89,205,4.0,F,cairo
89,214,4.4,F,cairo
89,215,4.2,F,cairo
89,218,4.6,F,cairo
89,222,4.5,F,giza
89,224,4.6,F,cairo
89,236,4.4,F,cairo
89,239,4.3,F,cairo
89,240,4.5,F,giza
89,241,3.9,F,giza
89,247,3.8,F,giza
89,326,4.0,F,fayoum
89,333,4.5,F,alexandria
89,363,4.5,F,alexandria
89,364,4.4,F,alexandria
89,368,4.1,F,alexandria
89,396,4.3,F,alexandria
89,400,3.6,F,alexandria
89,429,2.5,F,hurghada
89,431,4.7,F,hurghada
90,3,4.4,F,cairo
90,5,4.6,F,cairo
90,11,4.5,F,cairo
90,12,4.7,F,cairo
90,14,4.6,F,cairo
90,16,4.6,F,cairo
90,17,4.6,F,cairo
90,18,4.7,F,cairo
90,20,4.5,F,cairo
90,21,4.4,F,cairo
90,22,4.6,F,cairo
90,24,4.6,F,cairo
90,27,4.6,F,cairo
90,28,4.2,F,cairo
90,31,4.4,F,cairo
90,34,4.8,F,giza
90,38,4.7,F,giza
90,40,4.7,F,giza
90,41,4.4,F,cairo
90,42,4.8,F,giza
90,47,3.9,F,cairo
90,48,4.6,F,cairo
90,49,4.6,F,cairo
90,50,4.5,F,cairo
90,51,4.3,F,cairo
90,52,4.4,F,cairo
90,53,4.1,F,cairo
90,54,4.4,F,cairo
90,55,4.5,F,cairo
90,56,4.3,F,giza
90,57,4.7,F,luxor
90,58,4.5,F,cairo
90,60,4.2,F,cairo
90,61,4.3,F,cairo
90,62,4.6,F,giza
90,63,4.6,F,cairo
90,64,4.6,F,cairo
90,65,4.4,F,cairo
90,66,4.7,F,cairo
90,68,4.5,F,cairo
90,69,4.7,F,cairo
90,70,4.8,F,cairo
90,71,4.3,F,cairo
90,72,4.4,F,cairo
90,73,4.5,F,cairo
90,74,4.7,F,cairo
90,75,4.4,F,Alexandria
90,76,4.6,F,Alexandria
90,77,3.9,F,cairo
90,78,4.4,F,cairo
90,81,4.3,F,cairo
90,82,4.3,F,cairo
90,83,3.9,F,cairo
90,85,4.2,F,cairo
90,98,4.5,F,cairo
90,104,4.3,F,cairo
90,108,3.8,F,cairo
90,109,4.2,F,cairo
90,111,4.1,F,cairo
90,114,4.2,F,cairo
90,120,4.3,F,cairo
90,130,3.9,F,cairo
90,134,4.7,F,cairo
90,142,4.7,F,cairo
90,153,4.7,F,cairo
90,168,4.7,F,cairo
90,180,4.5,F,cairo
90,182,4.7,F,cairo
90,184,4.6,F,cairo
90,186,4.7,F,cairo
90,193,4.2,F,cairo
90,204,4.3,F,cairo
90,206,4.2,F,cairo
90,208,4.3,F,cairo
90,209,3.8,F,cairo
90,211,4.5,F,giza
90,213,4.5,F,cairo
90,217,4.7,F,giza
90,219,4.2,F,cairo
90,221,3.9,F,giza
90,222,4.5,F,giza
90,223,4.2,F,cairo
90,227,3.9,F,cairo
90,228,4.5,F,cairo
90,229,3.9,F,cairo
90,230,4.3,F,cairo
90,231,4.6,F,giza
90,233,4.4,F,cairo
90,235,4.5,F,cairo
90,237,4.7,F,cairo
90,242,4.5,F,giza
90,246,4.5,F,giza
90,248,4.3,F,cairo
90,250,4.4,F,cairo
90,251,4.7,F,cairo
90,252,3.8,F,cairo
90,253,4.5,F,giza
90,271,4.6,F,sharm el sheikh
90,274,4.4,F,sharm el sheikh
90,288,4.7,F,luxor
90,290,4.8,F,luxor
90,291,4.4,F,luxor
90,292,4.7,F,luxor
90,293,4.8,F,luxor
90,294,4.8,F,luxor
90,295,4.5,F,luxor
90,296,4.6,F,luxor
90,297,4.9,F,luxor
90,299,4.9,F,luxor
90,302,4.6,F,luxor
90,304,4.8,F,luxor
90,305,4.4,F,luxor
90,307,4.6,F,luxor
90,308,4.5,F,luxor
90,309,4.6,F,luxor
90,310,4.7,F,luxor
90,311,4.9,F,luxor
90,312,4.7,F,luxor
90,314,4.7,F,luxor
90,315,4.8,F,luxor
90,316,4.6,F,luxor
90,320,4.8,F,luxor
90,328,4.1,F,fayoum
90,330,4.2,F,fayoum
90,335,4.3,F,alexandria
90,338,4.4,F,alexandria
90,339,4.6,F,alexandria
90,342,4.3,F,alexandria
90,344,4.5,F,alexandria
90,346,3.9,F,alexandria
90,352,4.5,F,alexandria
90,359,4.4,F,alexandria
90,361,4.4,F,alexandria
90,373,4.1,F,alexandria
90,376,4.2,F,alexandria
90,384,3.9,F,alexandria
90,389,3.8,F,alexandria
90,409,4.4,F,hurghada
91,3,4.4,F,cairo
91,6,4.8,F,cairo
91,8,4.8,F,cairo
91,9,4.7,F,cairo
91,13,4.7,F,cairo
91,15,4.7,F,cairo
91,23,4.6,F,cairo
91,30,4.7,F,cairo
91,37,4.5,F,cairo
91,39,4.6,F,cairo
91,132,4.9,F,cairo
91,133,4.7,F,cairo
91,135,4.2,F,cairo
91,138,4.6,F,cairo
91,139,4.8,F,cairo
91,140,4.8,F,cairo
91,141,4.7,F,cairo
91,143,4.7,F,cairo
91,144,4.7,F,cairo
91,145,4.7,F,cairo
91,146,4.6,F,cairo
91,147,4.7,F,cairo
91,148,4.7,F,cairo
91,149,4.6,F,cairo
91,150,4.7,F,cairo
91,151,4.6,F,cairo
91,152,4.6,F,cairo
91,154,4.6,F,cairo
91,155,4.8,F,cairo
91,156,4.5,F,cairo
91,157,4.7,F,cairo
91,158,4.7,F,cairo
91,159,4.7,F,cairo
91,160,4.7,F,cairo
91,161,4.5,F,cairo
91,162,4.7,F,cairo
91,163,4.8,F,cairo
91,164,4.7,F,cairo
91,165,4.7,F,cairo
91,166,4.5,F,cairo
91,167,4.9,F,cairo
91,170,4.7,F,cairo
91,171,4.6,F,cairo
91,172,4.7,F,cairo
91,173,4.5,F,cairo
91,174,4.7,F,cairo
91,175,4.9,F,cairo
91,176,5.0,F,cairo
91,179,4.6,F,cairo
91,181,4.6,F,cairo
91,183,4.8,F,cairo
91,185,4.6,F,cairo
91,187,4.8,F,cairo
91,191,4.7,F,cairo
91,192,4.7,F,cairo
91,194,4.8,F,cairo
91,197,4.5,F,cairo
91,198,4.5,F,cairo
91,199,4.5,F,alexandria
91,200,4.6,F,cairo
91,201,4.4,F,cairo
91,202,4.7,F,cairo
91,203,4.6,F,alexandria
91,214,4.4,F,cairo
91,222,4.5,F,giza
91,225,4.7,F,cairo
91,236,4.4,F,cairo
91,241,3.9,F,giza
91,242,4.5,F,giza
91,245,4.8,F,cairo
91,256,4.7,F,sharm el sheikh
91,267,4.6,F,sharm el sheikh
91,272,4.8,F,sharm el sheikh
91,280,4.2,F,sharm el sheikh
91,286,3.9,F,sharm el sheikh
91,301,4.7,F,luxor
91,329,4.7,F,fayoum
91,335,4.3,F,alexandria
91,336,4.6,F,alexandria
91,349,4.7,F,alexandria
91,353,4.5,F,alexandria
91,364,4.4,F,alexandria
91,367,4.6,F,alexandria
91,373,4.1,F,alexandria
91,396,4.3,F,alexandria
91,410,4.4,F,hurghada
91,431,4.7,F,hurghada
91,432,4.2,F,hurghada
92,3,4.4,F,cairo
92,4,4.5,F,cairo
92,26,4.1,F,cairo
92,28,4.2,F,cairo
92,29,4.5,F,cairo
92,35,4.3,F,cairo
92,36,3.8,F,cairo
92,44,4.4,F,cairo
92,45,4.8,F,cairo
92,79,4.6,F,giza
92,84,4.5,F,cairo
92,85,4.2,F,cairo
92,86,4.2,F,cairo
92,87,4.1,F,cairo
92,88,4.3,F,cairo
92,89,3.8,F,cairo
92,90,4.1,F,cairo
92,91,3.8,F,cairo
92,92,3.9,F,cairo
92,93,4.3,F,cairo
92,94,4.1,F,cairo
92,95,3.7,F,cairo
92,96,3.7,F,cairo
92,97,4.3,F,cairo
92,98,4.5,F,cairo
92,99,4.4,F,cairo
92,100,4.5,F,cairo
92,102,4.3,F,cairo
92,103,4.2,F,cairo
92,104,4.3,F,cairo
92,105,4.2,F,cairo
92,106,3.7,F,cairo
92,107,4.0,F,cairo
92,108,3.8,F,cairo
92,109,4.2,F,cairo
92,110,3.6,F,cairo
92,111,4.1,F,cairo
92,112,4.4,F,cairo
92,113,4.4,F,cairo
92,114,4.2,F,cairo
92,115,4.3,F,cairo
92,116,4.1,F,cairo
92,117,4.2,F,cairo
92,119,4.5,F,cairo
92,120,4.3,F,cairo
92,121,3.7,F,cairo
92,122,3.9,F,cairo
92,123,3.8,F,cairo
92,124,4.0,F,cairo
92,125,4.0,F,cairo
92,126,4.0,F,cairo
92,127,4.1,F,cairo
92,129,4.3,F,giza
92,130,3.9,F,cairo
92,177,4.6,F,cairo
92,206,4.2,F,cairo
92,209,3.8,F,cairo
92,218,4.6,F,cairo
92,219,4.2,F,cairo
92,222,4.5,F,giza
92,223,4.2,F,cairo
92,224,4.6,F,cairo
92,226,4.1,F,cairo
92,232,4.1,F,giza
92,239,4.3,F,cairo
92,240,4.5,F,giza
92,242,4.5,F,giza
92,249,4.1,F,cairo
92,252,3.8,F,cairo
92,254,3.9,F,sharm el sheikh
92,257,4.1,F,sharm el sheikh
92,258,4.5,F,sharm el sheikh
92,287,4.8,F,sharm el sheikh
92,300,4.0,F,luxor
92,326,4.0,F,fayoum
92,335,4.3,F,alexandria
92,350,4.1,F,alexandria
92,352,4.5,F,alexandria
92,361,4.4,F,alexandria
92,371,4.0,F,alexandria
92,373,4.1,F,alexandria
92,381,4.4,F,alexandria
92,384,3.9,F,alexandria
92,388,3.9,F,alexandria
92,390,3.8,F,alexandria
92,392,3.8,F,alexandria
92,395,3.7,F,alexandria
92,407,4.4,F,hurghada
92,408,4.6,F,hurghada
92,414,4.5,F,hurghada
92,418,4.3,F,hurghada
92,429,2.5,F,hurghada
93,3,4.4,F,cairo
93,5,4.6,F,cairo
93,12,4.7,F,cairo
93,20,4.5,F,cairo
93,22,4.6,F,cairo
93,24,4.6,F,cairo
93,27,4.6,F,cairo
93,31,4.4,F,cairo
93,34,4.8,F,giza
93,38,4.7,F,giza
93,40,4.7,F,giza
93,42,4.8,F,giza
93,74,4.7,F,cairo
93,134,4.7,F,cairo
93,135,4.2,F,cairo
93,142,4.7,F,cairo
93,153,4.7,F,cairo
93,168,4.7,F,cairo
93,180,4.5,F,cairo
93,182,4.7,F,cairo
93,184,4.6,F,cairo
93,186,4.7,F,cairo
93,193,4.2,F,cairo
93,211,4.5,F,giza
93,221,3.9,F,giza
93,222,4.5,F,giza
93,228,4.5,F,cairo
93,231,4.6,F,giza
93,242,4.5,F,giza
93,246,4.5,F,giza
93,250,4.4,F,cairo
93,251,4.7,F,cairo
93,253,4.5,F,giza
93,267,4.6,F,sharm el sheikh
93,274,4.4,F,sharm el sheikh
93,280,4.2,F,sharm el sheikh
93,281,4.0,F,sharm el sheikh
93,285,4.8,F,sharm el sheikh
93,286,3.9,F,sharm el sheikh
93,290,4.8,F,luxor
93,292,4.7,F,luxor
93,293,4.8,F,luxor
93,294,4.8,F,luxor
93,295,4.5,F,luxor
93,296,4.6,F,luxor
93,297,4.9,F,luxor
93,299,4.9,F,luxor
93,302,4.6,F,luxor
93,304,4.8,F,luxor
93,305,4.4,F,luxor
93,307,4.6,F,luxor
93,308,4.5,F,luxor
93,309,4.6,F,luxor
93,310,4.7,F,luxor
93,311,4.9,F,luxor
93,312,4.7,F,luxor
93,314,4.7,F,luxor
93,315,4.8,F,luxor
93,316,4.6,F,luxor
93,320,4.8,F,luxor
93,330,4.2,F,fayoum
93,335,4.3,F,alexandria
93,343,4.2,F,alexandria
93,354,4.6,F,alexandria
93,356,4.6,F,alexandria
93,366,4.5,F,alexandria
93,369,4.0,F,alexandria
93,370,4.2,F,alexandria
93,372,4.3,F,alexandria
93,373,4.1,F,alexandria
93,375,3.7,F,alexandria
93,377,4.0,F,alexandria
93,379,4.3,F,alexandria
93,380,4.3,F,alexandria
93,382,4.4,F,alexandria
93,383,4.3,F,alexandria
93,385,4.4,F,alexandria
93,386,4.3,F,alexandria
93,387,4.2,F,alexandria
93,391,3.6,F,alexandria
93,394,3.8,F,alexandria
93,397,4.3,F,alexandria
93,398,4.0,F,alexandria
93,410,4.4,F,hurghada
93,428,3.8,F,hurghada
93,432,4.2,F,hurghada
94,4,4.5,F,cairo
94,19,4.6,F,cairo
94,26,4.1,F,cairo
94,32,4.7,F,cairo
94,35,4.3,F,cairo
94,36,3.8,F,cairo
94,44,4.4,F,cairo
94,45,4.8,F,cairo
94,84,4.5,F,cairo
94,86,4.2,F,cairo
94,87,4.1,F,cairo
94,88,4.3,F,cairo
94,89,3.8,F,cairo
94,90,4.1,F,cairo
94,91,3.8,F,cairo
94,92,3.9,F,cairo
94,93,4.3,F,cairo
94,94,4.1,F,cairo
94,95,3.7,F,cairo
94,96,3.7,F,cairo
94,97,4.3,F,cairo
94,99,4.4,F,cairo
94,100,4.5,F,cairo
94,102,4.3,F,cairo
94,103,4.2,F,cairo
94,105,4.2,F,cairo
94,106,3.7,F,cairo
94,107,4.0,F,cairo
94,110,3.6,F,cairo
94,112,4.4,F,cairo
94,113,4.4,F,cairo
94,115,4.3,F,cairo
94,116,4.1,F,cairo
94,117,4.2,F,cairo
94,119,4.5,F,cairo
94,121,3.7,F,cairo
94,122,3.9,F,cairo
94,123,3.8,F,cairo
94,124,4.0,F,cairo
94,125,4.0,F,cairo
94,126,4.0,F,cairo
94,127,4.1,F,cairo
94,129,4.3,F,giza
94,195,4.6,F,cairo
94,207,4.8,F,cairo
94,212,4.7,F,cairo
94,214,4.4,F,cairo
94,226,4.1,F,cairo
94,232,4.1,F,giza
94,234,4.7,F,cairo
94,236,4.4,F,cairo
94,241,3.9,F,giza
94,242,4.5,F,giza
94,247,3.8,F,giza
94,249,4.1,F,cairo
94,254,3.9,F,sharm el sheikh
94,257,4.1,F,sharm el sheikh
94,258,4.5,F,sharm el sheikh
94,259,4.8,F,sharm el sheikh
94,287,4.8,F,sharm el sheikh
94,300,4.0,F,luxor
94,335,4.3,F,alexandria
94,345,4.8,F,alexandria
94,350,4.1,F,alexandria
94,357,4.4,F,alexandria
94,360,4.6,F,alexandria
94,364,4.4,F,alexandria
94,371,4.0,F,alexandria
94,373,4.1,F,alexandria
94,381,4.4,F,alexandria
94,388,3.9,F,alexandria
94,390,3.8,F,alexandria
94,392,3.8,F,alexandria
94,395,3.7,F,alexandria
94,396,4.3,F,alexandria
94,400,3.6,F,alexandria
94,407,4.4,F,hurghada
94,408,4.6,F,hurghada
94,414,4.5,F,hurghada
94,418,4.3,F,hurghada
94,431,4.7,F,hurghada
95,3,4.4,F,cairo
95,4,4.5,F,cairo
95,11,4.5,F,cairo
95,14,4.6,F,cairo
95,16,4.6,F,cairo
95,17,4.6,F,cairo
95,18,4.7,F,cairo
95,19,4.6,F,cairo
95,21,4.4,F,cairo
95,26,4.1,F,cairo
95,32,4.7,F,cairo
95,35,4.3,F,cairo
95,36,3.8,F,cairo
95,41,4.4,F,cairo
95,44,4.4,F,cairo
95,45,4.8,F,cairo
95,47,3.9,F,cairo
95,48,4.6,F,cairo
95,49,4.6,F,cairo
95,50,4.5,F,cairo
95,51,4.3,F,cairo
95,52,4.4,F,cairo
95,53,4.1,F,cairo
95,54,4.4,F,cairo
95,55,4.5,F,cairo
95,56,4.3,F,giza
95,57,4.7,F,luxor
95,58,4.5,F,cairo
95,60,4.2,F,cairo
95,61,4.3,F,cairo
95,62,4.6,F,giza
95,63,4.6,F,cairo
95,64,4.6,F,cairo
95,65,4.4,F,cairo
95,66,4.7,F,cairo
95,68,4.5,F,cairo
95,69,4.7,F,cairo
95,70,4.8,F,cairo
95,71,4.3,F,cairo
95,72,4.4,F,cairo
95,73,4.5,F,cairo
95,75,4.4,F,Alexandria
95,76,4.6,F,Alexandria
95,77,3.9,F,cairo
95,78,4.4,F,cairo
95,81,4.3,F,cairo
95,82,4.3,F,cairo
95,83,3.9,F,cairo
95,84,4.5,F,cairo
95,86,4.2,F,cairo
95,87,4.1,F,cairo
95,88,4.3,F,cairo
95,89,3.8,F,cairo
95,90,4.1,F,cairo
95,91,3.8,F,cairo
95,92,3.9,F,cairo
95,93,4.3,F,cairo
95,94,4.1,F,cairo
95,95,3.7,F,cairo
95,96,3.7,F,cairo
95,97,4.3,F,cairo
95,99,4.4,F,cairo
95,100,4.5,F,cairo
95,102,4.3,F,cairo
95,103,4.2,F,cairo
95,105,4.2,F,cairo
95,106,3.7,F,cairo
95,107,4.0,F,cairo
95,110,3.6,F,cairo
95,112,4.4,F,cairo
95,113,4.4,F,cairo
95,115,4.3,F,cairo
95,116,4.1,F,cairo
95,117,4.2,F,cairo
95,119,4.5,F,cairo
95,121,3.7,F,cairo
95,122,3.9,F,cairo
95,123,3.8,F,cairo
95,124,4.0,F,cairo
95,125,4.0,F,cairo
95,126,4.0,F,cairo
95,127,4.1,F,cairo
95,129,4.3,F,giza
95,135,4.2,F,cairo
95,195,4.6,F,cairo
95,204,4.3,F,cairo
95,207,4.8,F,cairo
95,208,4.3,F,cairo
95,212,4.7,F,cairo
95,213,4.5,F,cairo
95,217,4.7,F,giza
95,222,4.5,F,giza
95,226,4.1,F,cairo
95,227,3.9,F,cairo
95,229,3.9,F,cairo
95,230,4.3,F,cairo
95,232,4.1,F,giza
95,233,4.4,F,cairo
95,234,4.7,F,cairo
95,235,4.5,F,cairo
95,237,4.7,F,cairo
95,248,4.3,F,cairo
95,249,4.1,F,cairo
95,254,3.9,F,sharm el sheikh
95,257,4.1,F,sharm el sheikh
95,258,4.5,F,sharm el sheikh
95,259,4.8,F,sharm el sheikh
95,267,4.6,F,sharm el sheikh
95,271,4.6,F,sharm el sheikh
95,280,4.2,F,sharm el sheikh
95,286,3.9,F,sharm el sheikh
95,287,4.8,F,sharm el sheikh
95,288,4.7,F,luxor
95,291,4.4,F,luxor
95,300,4.0,F,luxor
95,328,4.1,F,fayoum
95,338,4.4,F,alexandria
95,339,4.6,F,alexandria
95,342,4.3,F,alexandria
95,344,4.5,F,alexandria
95,345,4.8,F,alexandria
95,346,3.9,F,alexandria
95,350,4.1,F,alexandria
95,357,4.4,F,alexandria
95,359,4.4,F,alexandria
95,360,4.6,F,alexandria
95,371,4.0,F,alexandria
95,376,4.2,F,alexandria
95,381,4.4,F,alexandria
95,388,3.9,F,alexandria
95,389,3.8,F,alexandria
95,390,3.8,F,alexandria
95,392,3.8,F,alexandria
95,395,3.7,F,alexandria
95,407,4.4,F,hurghada
95,408,4.6,F,hurghada
95,409,4.4,F,hurghada
95,410,4.4,F,hurghada
95,414,4.5,F,hurghada
95,418,4.3,F,hurghada
95,432,4.2,F,hurghada
96,4,4.5,F,cairo
96,19,4.6,F,cairo
96,26,4.1,F,cairo
96,29,4.5,F,cairo
96,32,4.7,F,cairo
96,35,4.3,F,cairo
96,36,3.8,F,cairo
96,44,4.4,F,cairo
96,45,4.8,F,cairo
96,79,4.6,F,giza
96,84,4.5,F,cairo
96,86,4.2,F,cairo
96,87,4.1,F,cairo
96,88,4.3,F,cairo
96,89,3.8,F,cairo
96,90,4.1,F,cairo
96,91,3.8,F,cairo
96,92,3.9,F,cairo
96,93,4.3,F,cairo
96,94,4.1,F,cairo
96,95,3.7,F,cairo
96,96,3.7,F,cairo
96,97,4.3,F,cairo
96,99,4.4,F,cairo
96,100,4.5,F,cairo
96,102,4.3,F,cairo
96,103,4.2,F,cairo
96,105,4.2,F,cairo
96,106,3.7,F,cairo
96,107,4.0,F,cairo
96,110,3.6,F,cairo
96,112,4.4,F,cairo
96,113,4.4,F,cairo
96,115,4.3,F,cairo
96,116,4.1,F,cairo
96,117,4.2,F,cairo
96,119,4.5,F,cairo
96,121,3.7,F,cairo
96,122,3.9,F,cairo
96,123,3.8,F,cairo
96,124,4.0,F,cairo
96,125,4.0,F,cairo
96,126,4.0,F,cairo
96,127,4.1,F,cairo
96,129,4.3,F,giza
96,177,4.6,F,cairo
96,195,4.6,F,cairo
96,207,4.8,F,cairo
96,212,4.7,F,cairo
96,218,4.6,F,cairo
96,224,4.6,F,cairo
96,226,4.1,F,cairo
96,232,4.1,F,giza
96,234,4.7,F,cairo
96,239,4.3,F,cairo
96,240,4.5,F,giza
96,242,4.5,F,giza
96,249,4.1,F,cairo
96,254,3.9,F,sharm el sheikh
96,257,4.1,F,sharm el sheikh
96,258,4.5,F,sharm el sheikh
96,259,4.8,F,sharm el sheikh
96,281,4.0,F,sharm el sheikh
96,285,4.8,F,sharm el sheikh
96,287,4.8,F,sharm el sheikh
96,300,4.0,F,luxor
96,326,4.0,F,fayoum
96,335,4.3,F,alexandria
96,343,4.2,F,alexandria
96,345,4.8,F,alexandria
96,350,4.1,F,alexandria
96,354,4.6,F,alexandria
96,356,4.6,F,alexandria
96,357,4.4,F,alexandria
96,360,4.6,F,alexandria
96,366,4.5,F,alexandria
96,369,4.0,F,alexandria
96,370,4.2,F,alexandria
96,371,4.0,F,alexandria
96,372,4.3,F,alexandria
96,373,4.1,F,alexandria
96,375,3.7,F,alexandria
96,377,4.0,F,alexandria
96,379,4.3,F,alexandria
96,380,4.3,F,alexandria
96,381,4.4,F,alexandria
96,382,4.4,F,alexandria
96,383,4.3,F,alexandria
96,385,4.4,F,alexandria
96,386,4.3,F,alexandria
96,387,4.2,F,alexandria
96,388,3.9,F,alexandria
96,390,3.8,F,alexandria
96,391,3.6,F,alexandria
96,392,3.8,F,alexandria
96,394,3.8,F,alexandria
96,395,3.7,F,alexandria
96,397,4.3,F,alexandria
96,398,4.0,F,alexandria
96,407,4.4,F,hurghada
96,408,4.6,F,hurghada
96,414,4.5,F,hurghada
96,418,4.3,F,hurghada
96,428,3.8,F,hurghada
96,429,2.5,F,hurghada
97,3,4.4,F,cairo
97,5,4.6,F,cairo
97,6,4.8,F,cairo
97,8,4.8,F,cairo
97,9,4.7,F,cairo
97,12,4.7,F,cairo
97,13,4.7,F,cairo
97,15,4.7,F,cairo
97,20,4.5,F,cairo
97,22,4.6,F,cairo
97,23,4.6,F,cairo
97,24,4.6,F,cairo
97,27,4.6,F,cairo
97,29,4.5,F,cairo
97,30,4.7,F,cairo
97,31,4.4,F,cairo
97,34,4.8,F,giza
97,37,4.5,F,cairo
97,38,4.7,F,giza
97,39,4.6,F,cairo
97,40,4.7,F,giza
97,42,4.8,F,giza
97,74,4.7,F,cairo
97,79,4.6,F,giza
97,132,4.9,F,cairo
97,133,4.7,F,cairo
97,134,4.7,F,cairo
97,138,4.6,F,cairo
97,139,4.8,F,cairo
97,140,4.8,F,cairo
97,141,4.7,F,cairo
97,142,4.7,F,cairo
97,143,4.7,F,cairo
97,144,4.7,F,cairo
97,145,4.7,F,cairo
97,146,4.6,F,cairo
97,147,4.7,F,cairo
97,148,4.7,F,cairo
97,149,4.6,F,cairo
97,150,4.7,F,cairo
97,151,4.6,F,cairo
97,152,4.6,F,cairo
97,153,4.7,F,cairo
97,154,4.6,F,cairo
97,155,4.8,F,cairo
97,156,4.5,F,cairo
97,157,4.7,F,cairo
97,158,4.7,F,cairo
97,159,4.7,F,cairo
97,160,4.7,F,cairo
97,161,4.5,F,cairo
97,162,4.7,F,cairo
97,163,4.8,F,cairo
97,164,4.7,F,cairo
97,165,4.7,F,cairo
97,166,4.5,F,cairo
97,167,4.9,F,cairo
97,168,4.7,F,cairo
97,170,4.7,F,cairo
97,171,4.6,F,cairo
97,172,4.7,F,cairo
97,173,4.5,F,cairo
97,174,4.7,F,cairo
97,175,4.9,F,cairo
97,176,5.0,F,cairo
97,177,4.6,F,cairo
97,179,4.6,F,cairo
97,180,4.5,F,cairo
97,181,4.6,F,cairo
97,182,4.7,F,cairo
97,183,4.8,F,cairo
97,184,4.6,F,cairo
97,185,4.6,F,cairo
97,186,4.7,F,cairo
97,187,4.8,F,cairo
97,191,4.7,F,cairo
97,192,4.7,F,cairo
97,193,4.2,F,cairo
97,194,4.8,F,cairo
97,197,4.5,F,cairo
97,198,4.5,F,cairo
97,199,4.5,F,alexandria
97,200,4.6,F,cairo
97,201,4.4,F,cairo
97,202,4.7,F,cairo
97,203,4.6,F,alexandria
97,211,4.5,F,giza
97,214,4.4,F,cairo
97,218,4.6,F,cairo
97,221,3.9,F,giza
97,222,4.5,F,giza
97,224,4.6,F,cairo
97,225,4.7,F,cairo
97,228,4.5,F,cairo
97,231,4.6,F,giza
97,236,4.4,F,cairo
97,239,4.3,F,cairo
97,240,4.5,F,giza
97,241,3.9,F,giza
97,245,4.8,F,cairo
97,246,4.5,F,giza
97,250,4.4,F,cairo
97,251,4.7,F,cairo
97,253,4.5,F,giza
97,256,4.7,F,sharm el sheikh
97,272,4.8,F,sharm el sheikh
97,274,4.4,F,sharm el sheikh
97,290,4.8,F,luxor
97,292,4.7,F,luxor
97,293,4.8,F,luxor
97,294,4.8,F,luxor
97,295,4.5,F,luxor
97,296,4.6,F,luxor
97,297,4.9,F,luxor
97,299,4.9,F,luxor
97,301,4.7,F,luxor
97,302,4.6,F,luxor
97,304,4.8,F,luxor
97,305,4.4,F,luxor
97,307,4.6,F,luxor
97,308,4.5,F,luxor
97,309,4.6,F,luxor
97,310,4.7,F,luxor
97,311,4.9,F,luxor
97,312,4.7,F,luxor
97,314,4.7,F,luxor
97,315,4.8,F,luxor
97,316,4.6,F,luxor
97,320,4.8,F,luxor
97,326,4.0,F,fayoum
97,329,4.7,F,fayoum
97,330,4.2,F,fayoum
97,336,4.6,F,alexandria
97,349,4.7,F,alexandria
97,353,4.5,F,alexandria
97,364,4.4,F,alexandria
97,367,4.6,F,alexandria
97,396,4.3,F,alexandria
97,429,2.5,F,hurghada
97,431,4.7,F,hurghada
98,28,4.2,F,cairo
98,29,4.5,F,cairo
98,79,4.6,F,giza
98,85,4.2,F,cairo
98,98,4.5,F,cairo
98,104,4.3,F,cairo
98,108,3.8,F,cairo
98,109,4.2,F,cairo
98,111,4.1,F,cairo
98,114,4.2,F,cairo
98,120,4.3,F,cairo
98,130,3.9,F,cairo
98,177,4.6,F,cairo
98,206,4.2,F,cairo
98,209,3.8,F,cairo
98,214,4.4,F,cairo
98,218,4.6,F,cairo
98,219,4.2,F,cairo
98,223,4.2,F,cairo
98,224,4.6,F,cairo
98,236,4.4,F,cairo
98,239,4.3,F,cairo
98,240,4.5,F,giza
98,241,3.9,F,giza
98,242,4.5,F,giza
98,247,3.8,F,giza
98,252,3.8,F,cairo
98,326,4.0,F,fayoum
98,335,4.3,F,alexandria
98,352,4.5,F,alexandria
98,361,4.4,F,alexandria
98,364,4.4,F,alexandria
98,373,4.1,F,alexandria
98,384,3.9,F,alexandria
98,396,4.3,F,alexandria
98,400,3.6,F,alexandria
98,429,2.5,F,hurghada
98,431,4.7,F,hurghada
99,3,4.4,F,cairo
99,6,4.8,F,cairo
99,8,4.8,F,cairo
99,9,4.7,F,cairo
99,13,4.7,F,cairo
99,15,4.7,F,cairo
99,19,4.6,F,cairo
99,23,4.6,F,cairo
99,30,4.7,F,cairo
99,32,4.7,F,cairo
99,37,4.5,F,cairo
99,39,4.6,F,cairo
99,132,4.9,F,cairo
99,133,4.7,F,cairo
99,135,4.2,F,cairo
99,138,4.6,F,cairo
99,139,4.8,F,cairo
99,140,4.8,F,cairo
99,141,4.7,F,cairo
99,143,4.7,F,cairo
99,144,4.7,F,cairo
99,145,4.7,F,cairo
99,146,4.6,F,cairo
99,147,4.7,F,cairo
99,148,4.7,F,cairo
99,149,4.6,F,cairo
99,150,4.7,F,cairo
99,151,4.6,F,cairo
99,152,4.6,F,cairo
99,154,4.6,F,cairo
99,155,4.8,F,cairo
99,156,4.5,F,cairo
99,157,4.7,F,cairo
99,158,4.7,F,cairo
99,159,4.7,F,cairo
99,160,4.7,F,cairo
99,161,4.5,F,cairo
99,162,4.7,F,cairo
99,163,4.8,F,cairo
99,164,4.7,F,cairo
99,165,4.7,F,cairo
99,166,4.5,F,cairo
99,167,4.9,F,cairo
99,170,4.7,F,cairo
99,171,4.6,F,cairo
99,172,4.7,F,cairo
99,173,4.5,F,cairo
99,174,4.7,F,cairo
99,175,4.9,F,cairo
99,176,5.0,F,cairo
99,179,4.6,F,cairo
99,181,4.6,F,cairo
99,183,4.8,F,cairo
99,185,4.6,F,cairo
99,187,4.8,F,cairo
99,191,4.7,F,cairo
99,192,4.7,F,cairo
99,194,4.8,F,cairo
99,195,4.6,F,cairo
99,197,4.5,F,cairo
99,198,4.5,F,cairo
99,199,4.5,F,alexandria
99,200,4.6,F,cairo
99,201,4.4,F,cairo
99,202,4.7,F,cairo
99,203,4.6,F,alexandria
99,207,4.8,F,cairo
99,212,4.7,F,cairo
99,222,4.5,F,giza
99,225,4.7,F,cairo
99,234,4.7,F,cairo
99,242,4.5,F,giza
99,245,4.8,F,cairo
99,256,4.7,F,sharm el sheikh
99,259,4.8,F,sharm el sheikh
99,267,4.6,F,sharm el sheikh
99,272,4.8,F,sharm el sheikh
99,280,4.2,F,sharm el sheikh
99,286,3.9,F,sharm el sheikh
99,301,4.7,F,luxor
99,329,4.7,F,fayoum
99,335,4.3,F,alexandria
99,336,4.6,F,alexandria
99,345,4.8,F,alexandria
99,349,4.7,F,alexandria
99,353,4.5,F,alexandria
99,357,4.4,F,alexandria
99,360,4.6,F,alexandria
99,367,4.6,F,alexandria
99,373,4.1,F,alexandria
99,410,4.4,F,hurghada
99,432,4.2,F,hurghada
